id,feedback,sentiment
1,big thumbs up for the offline mode helpful and it made my day this week,positive
2,my review the app performance is unacceptable plain and simple,negative
3,i am genuinely impressed the order tracking is excellent and reliable,positive
4,what a slow experience with the dark mode option very disappointed overall,negative
5,the installation process continues to be adequate every time i use it,neutral
6,recently the order tracking was decent about the same as before,neutral
7,kudos to the team the live chat support is efficient and made my day last month,positive
8,not impressed at all the refund process is clunky and gave me constant issues after using it for a while,negative
9,it is rare to find something this impressive but the recommendation engine saved me a lot of time,positive
10,the video streaming quality made an decent first impression nothing memorable,neutral
11,big thumbs down for the customer service response time frustrating and it kept crashing,negative
12,regarding the overall experience my experience last month was reasonable,neutral
13,the pricing plan made a great first impression helpful and made my day during the holiday season,positive
14,just sharing my thoughts the dashboard is typical nothing more nothing less,neutral
15,i am fairly indifferent the return policy is standard at best,neutral
16,i would say the refund process is unremarkable it did not really stand out recently,neutral
17,this is a fairly fair the new features similar to others i have used,neutral
18,a standard experience overall with the sync feature,neutral
19,i expected more but the app performance turned out average,neutral
20,thanks to the loyalty program my experience yesterday was intuitive,positive
21,i would say the app design is okay it did not really stand out over the past few days,neutral
22,the onboarding process made a bad first impression clunky and was a nightmare to deal with last month,negative
23,not impressed at all the search feature is outdated and kept freezing since i signed up,negative
24,as a long time user i can say the app is outdated really considering switching to a competitor,negative
25,the notification system made a great first impression efficient and made my day recently,positive
26,i was skeptical at first but the return policy truly really stood out since the redesign,positive
27,so far the security features has been outstanding and it even was a pleasant surprise since the redesign,positive
28,the new update is moderate it gets the job done nothing special,neutral
29,the account setup process has been ordinary for me last month nothing special either way,neutral
30,big thumbs up for the offline mode great and it worked flawlessly after the latest update,positive
31,just wanted to share that the account setup process is wonderful it improved a lot,positive
32,what a glitchy experience with the loading speed i want my money back,negative
33,the website continues to be smooth every single time i use it,positive
34,recently the app design was so so about the same as before,neutral
35,kudos to the team the customer service response time is helpful and worked perfectly this morning,positive
36,honestly the app was neither great nor bad when i used it,neutral
37,i switched to your service and your service failed repeatedly right away,negative
38,i expected more but the checkout process turned out moderate,neutral
39,an reasonable job on the login system does what it says,neutral
40,i am genuinely impressed the mobile app is reliable and reliable,positive
41,using the tracking feature since i signed up was surprisingly convenient,positive
42,what a frustrating experience with the refund process,negative
43,this morning the order tracking failed repeatedly which made everything so much harder,negative
44,every time i use the onboarding process it kept crashing please fix this soon,negative
45,i have been using the loyalty program during the holiday season and it is just unremarkable,neutral
46,since the redesign i tried the delivery service and it was standard overall,neutral
47,after the latest update i tried the recommendation engine and it was acceptable overall,neutral
48,kudos to the team the account setup process is great and made my day since i signed up,positive
49,regarding the sync feature my experience was adequate,neutral
50,i am fairly indifferent the new update is ordinary at best,neutral
51,i would say the notification system is adequate it did not really stand out this week,neutral
52,i am sorry to say this but the refund process is confusing it let me down last month,negative
53,yesterday the delivery service was a pleasant surprise and i could not be happier,positive
54,it is rare to find something this superb but the refund process made things so easy,positive
55,using the help center after using it for a while was surprisingly well designed,positive
56,just wanted to share that the tracking feature is smooth it impressed me,positive
57,using the search feature on my first try was surprisingly terrible,negative
58,honestly the pricing plan was neither great nor bad when i used it after three attempts,neutral
59,the checkout process has been wonderful for me after three attempts i am a happy customer,positive
60,i would say the overall experience is adequate it did not really stand out,neutral
61,i was hopeful at first but the refund process truly let me down after three attempts,negative
62,i was hopeful at first but the installation process truly kept freezing,negative
63,i have been using the security features last weekend and it is just average,neutral
64,the loyalty program is an basic part of the overall experience,neutral
65,the team behind the help center did an passable job could be better or worse,neutral
66,yesterday the login system let me down and i am really frustrated,negative
67,i was skeptical at first but the app performance truly worked perfectly,positive
68,i have been using the video streaming quality yesterday and it is genuinely clunky,negative
69,as a long time user i can say the app design is seamless keep up the great work,positive
70,my review the help center is responsive plain and simple,positive
71,an unremarkable job on your service does what it says,neutral
72,i was skeptical at first but the installation process truly impressed me yesterday,positive
73,it is rare to find something this intuitive but the checkout process was a pleasant surprise,positive
74,since the redesign the return policy let me down which made everything so much harder,negative
75,i have been using your service last weekend and it is just okay,neutral
76,the video streaming quality has been typical for me on my first try nothing special either way,neutral
77,mixed feelings about the website decent some things good some not,neutral
78,honestly was a nightmare to deal with when i used the recommendation engine since i signed up,negative
79,honestly impressed me when i used your service last month,positive
80,what a fast experience with the loyalty program best decision i made this year,positive
81,the installation process really kept crashing really considering switching to a competitor,negative
82,my review the mobile app is basic works as advertised i suppose,neutral
83,no strong feelings either way the dashboard is unremarkable,neutral
84,the customer service response time has been clunky for me during my recent visit this needs serious improvement,negative
85,as a long time user i can say the checkout process is seamless best decision i made this year,positive
86,i am fairly indifferent the app performance is decent at best,neutral
87,not bad not great the order tracking was average still deciding if i will stick with it,neutral
88,it is rare to find something this responsive but the customer service response time impressed me,positive
89,big thumbs down for the subscription plan confusing and it did not work at all on my first try,negative
90,i am genuinely disappointed the notification system is annoying and unreliable,negative
91,i would say the video streaming quality is passable it did not really stand out recently,neutral
92,i regret to say the login system kept crashing after using it for a while very disappointed overall,negative
93,this is the most clunky the payment system i have come across i want my money back,negative
94,honestly worked flawlessly when i used the installation process during my recent visit,positive
95,i am genuinely disappointed the app performance is glitchy and unreliable,negative
96,i am genuinely impressed the delivery service is amazing and reliable,positive
97,it is hard to say much the onboarding process is just decent,neutral
98,this is the most buggy your service i have come across really considering switching to a competitor,negative
99,i am genuinely disappointed the pricing plan is awful and unreliable,negative
100,every time i use the booking system it feels moderate nothing special either way,neutral
101,i switched to your service and the app design frustrated me right away,negative
102,fantastic job on the recommendation engine it is user friendly and really stood out,positive
103,honestly wasted my time when i used the help center after the latest update,negative
104,honestly wasted my time when i used the app performance during the holiday season,negative
105,it is rare to find something this great but the search feature made things so easy,positive
106,the pricing plan really saved me a lot of time this is exactly what i needed,positive
107,mixed feelings about the search feature basic some things good some not,neutral
108,the installation process has been so so for me last month could go either way honestly,neutral
109,kudos to the team the live chat support is well designed and made things so easy after using it for a while,positive
110,the order tracking really let me down will not be using this again,negative
111,not impressed at all the checkout process is buggy and did not work at all after three attempts,negative
112,the overall experience is an decent part of the overall experience,neutral
113,just sharing my thoughts your service is okay nothing more nothing less,neutral
114,a so so experience overall with the overall experience could go either way honestly,neutral
115,just wanted to share that the account setup process is responsive it really stood out,positive
116,because of the live chat support my experience on my first try was outdated,negative
117,the offline mode continues to be well designed every single time i use it,positive
118,as a long time user i can say the app performance is amazing,positive
119,after the latest update the installation process saved me a lot of time which made everything so much easier,positive
120,the payment system continues to be outstanding every single time i use it,positive
121,the team behind the app design needs to step up it is frustrating and wasted my time,negative
122,since the redesign the customer service response time was standard about the same as before,neutral
123,i am genuinely disappointed the booking system is poor and unreliable,negative
124,kudos to the team the tracking feature is superb and made things so easy,positive
125,as a long time user i can say the order tracking is user friendly,positive
126,not impressed at all the dark mode option is awful and failed repeatedly over the past few days,negative
127,i have been using the loading speed over the past few days and it is genuinely amazing,positive
128,after three attempts i tried the booking system and it was decent overall,neutral
129,regarding the loading speed my experience last weekend was so so,neutral
130,i switched to your service and the security features improved a lot right away,positive
131,recently the new features did not work at all and i am really frustrated,negative
132,i am fairly indifferent the refund process is adequate at best,neutral
133,no strong feelings either way the dashboard is acceptable,neutral
134,an unremarkable job on the account setup process does what it says,neutral
135,the website made a great first impression impressive and exceeded my expectations last weekend,positive
136,just wanted to share that the order tracking is wonderful it made things so easy,positive
137,it is hard to say much the loyalty program is just unremarkable,neutral
138,i tried your service and the help center was standard nothing surprising,neutral
139,it is rare to find something this fast but the live chat support made things so easy,positive
140,your service is by far the most subpar part of the whole experience,negative
141,every time i use the subscription plan it feels standard nothing special either way,neutral
142,thanks to the help center my experience since i signed up was great,positive
143,thanks to the recommendation engine my experience since the redesign was intuitive,positive
144,i was hopeful at first but the website truly let me down last month,negative
145,the app performance is fair it gets the job done nothing special,neutral
146,as a long time user i can say the account setup process is user friendly highly satisfied overall,positive
147,i have been using the installation process recently and it is genuinely impressive,positive
148,an standard job on the user interface does what it says,neutral
149,the user interface is an average part of the overall experience,neutral
150,i am genuinely disappointed your service is problematic and unreliable,negative
151,the login system is an passable part of the overall experience,neutral
152,honestly the offline mode was neither great nor bad when i used it recently,neutral
153,recently the offline mode let me down and i am really frustrated,negative
154,i have been using the subscription plan and it is genuinely glitchy,negative
155,i switched to your service and the customer support team wasted my time right away,negative
156,it is rare to find something this slow and the mobile app proves it it was a nightmare to deal with,negative
157,an acceptable job on the app design does what it says,neutral
158,the video streaming quality is standard it gets the job done nothing special,neutral
159,what a wonderful experience with the dashboard best decision i made this year,positive
160,the return policy is an basic part of the overall experience,neutral
161,honestly the delivery service was neither great nor bad when i used it after three attempts,neutral
162,every time i use the offline mode it did not work at all this needs serious improvement,negative
163,it is rare to find something this well designed but the mobile app made things so easy,positive
164,i switched to your service and the customer service response time did not work at all right away,negative
165,mixed feelings about the customer service response time acceptable some things good some not,neutral
166,i regret to say your service did not work at all this needs serious improvement,negative
167,not bad not great the website on my first try was decent,neutral
168,a reasonable experience overall with the app design still deciding if i will stick with it,neutral
169,just wanted to share that the app performance is wonderful it worked flawlessly,positive
170,so far the app design has been average nothing to write home about,neutral
171,i am genuinely impressed the onboarding process is intuitive and reliable,positive
172,the dashboard made an decent first impression nothing memorable,neutral
173,so far the video streaming quality has been reliable and it even worked flawlessly during the holiday season,positive
174,as a long time user i can say the return policy is responsive five stars from me,positive
175,regarding the customer support team my experience during my recent visit was fair,neutral
176,after using it for a while the order tracking saved me a lot of time and i could not be happier,positive
177,i switched to your service and the security features impressed me right away,positive
178,my review the loading speed is messy plain and simple,negative
179,every time i use the onboarding process it made things so easy highly satisfied overall,positive
180,poor job on the app it is terrible and did not work at all,negative
181,the delivery service made an basic first impression nothing memorable,neutral
182,the recommendation engine made a great first impression intuitive and really stood out recently,positive
183,recently the dark mode option made things so easy which made everything so much easier,positive
184,the help center made an moderate first impression nothing memorable,neutral
185,i have been using the new features after three attempts and it is just standard,neutral
186,i have been using the live chat support on my first try and it is just passable,neutral
187,regarding the payment system my experience last weekend was acceptable,neutral
188,my review the checkout process is reasonable works as advertised i suppose,neutral
189,kudos to the team the mobile app is fantastic and worked flawlessly,positive
190,using the customer service response time after using it for a while was surprisingly wonderful,positive
191,poor job on the payment system it is frustrating and kept freezing,negative
192,i have been using the order tracking this week and it is genuinely intuitive,positive
193,a basic experience overall with the overall experience it does the job i guess,neutral
194,this is the most fast the website i have come across,positive
195,using the sync feature last weekend was about as basic as i expected,neutral
196,every time i use the delivery service it feels average,neutral
197,the team behind the installation process needs to step up it is inadequate and never worked as expected,negative
198,honestly the login system was neither great nor bad when i used it after using it for a while,neutral
199,i would say the return policy is moderate it did not really stand out this morning,neutral
200,the security features made a great first impression superb and impressed me during the holiday season,positive
201,over the past few days i tried the overall experience and it was so so overall,neutral
202,i have been using the offline mode during my recent visit and it is genuinely seamless,positive
203,not impressed at all the tracking feature is terrible and kept freezing since i signed up,negative
204,i have been using the new features yesterday and it is genuinely fast,positive
205,not going to lie the security features saved me a lot of time since i signed up definitely recommend it,positive
206,i have to complain the sync feature is unresponsive and failed repeatedly during my recent visit,negative
207,after using it for a while i tried the recommendation engine and it really stood out loved it,positive
208,so far the new features has been standard nothing to write home about,neutral
209,my review the payment system is responsive plain and simple,positive
210,i would say the account setup process is decent it did not really stand out after three attempts,neutral
211,big thumbs up for the dashboard reliable and it worked perfectly this week,positive
212,i was hopeful at first but the security features truly kept crashing,negative
213,regarding the search feature my experience yesterday was fair,neutral
214,after three attempts i tried the subscription plan and it kept crashing hated it,negative
215,the team behind the login system did an reasonable job could be better or worse,neutral
216,no strong feelings either way the recommendation engine is acceptable,neutral
217,i am genuinely impressed the dark mode option is user friendly and reliable,positive
218,regarding the new update my experience this week was typical,neutral
219,as a user for a while now i would call the refund process passable could go either way honestly,neutral
220,i tried your service and the subscription plan was passable nothing surprising,neutral
221,not bad not great the recommendation engine this morning was acceptable,neutral
222,i switched to your service and the video streaming quality failed repeatedly right away,negative
223,every time i use the customer support team it feels average it does the job i guess,neutral
224,this is a fairly acceptable the onboarding process similar to others i have used,neutral
225,on my first try the refund process frustrated me which made everything so much harder,negative
226,honestly let me down when i used the website,negative
227,since i signed up i tried the security features and it gave me constant issues hated it,negative
228,this week the website really stood out which made everything so much easier,positive
229,i tried your service and the new features was reasonable nothing surprising,neutral
230,the installation process has been excellent for me since i signed up highly satisfied overall,positive
231,just sharing my thoughts the website is basic nothing more nothing less,neutral
232,because of the subscription plan my experience after using it for a while was frustrating,negative
233,this is the most responsive the onboarding process i have come across best decision i made this year,positive
234,it is an passable the customer support team meets the bare minimum expectations,neutral
235,big thumbs up for the payment system well designed and it exceeded my expectations recently,positive
236,poor job on the loyalty program it is glitchy and let me down,negative
237,big thumbs up for the customer service response time responsive and it worked perfectly,positive
238,the team behind the login system deserves credit it is seamless and improved a lot,positive
239,after the latest update the dark mode option kept freezing which made everything so much harder,negative
240,because of the loyalty program my experience after three attempts was clunky,negative
241,i have been using the dashboard after using it for a while and it is genuinely awful,negative
242,the website is by far the most intuitive part of the whole experience,positive
243,as a user for a while now i would call the account setup process decent,neutral
244,as a user for a while now i would call the sync feature basic still deciding if i will stick with it,neutral
245,what a well designed experience with the loyalty program five stars from me,positive
246,the settings page really gave me constant issues please fix this soon,negative
247,using the account setup process this morning was about as average as i expected,neutral
248,my review the customer support team is top notch plain and simple,positive
249,my review the return policy is adequate works as advertised i suppose,neutral
250,so far the checkout process has been problematic and it even kept freezing over the past few days,negative
251,i have been using the new update this morning and it is genuinely reliable,positive
252,i expected more but the payment system turned out basic,neutral
253,the mobile app is adequate it gets the job done nothing special,neutral
254,the live chat support really impressed me definitely recommend it,positive
255,i switched to your service and the mobile app failed repeatedly right away,negative
256,just wanted to complain that the recommendation engine is inconvenient it failed repeatedly,negative
257,poor job on the payment system it is awful and never worked as expected,negative
258,because of the dark mode option my experience last weekend was inconvenient,negative
259,just wanted to complain that the login system is outdated it was a nightmare to deal with,negative
260,i tried your service and the installation process was typical nothing surprising,neutral
261,i was hopeful at first but the return policy truly failed repeatedly,negative
262,the order tracking is by far the most top notch part of the whole experience,positive
263,what a outstanding experience with the overall experience keep up the great work,positive
264,just wanted to complain that the video streaming quality is unresponsive it wasted my time,negative
265,i switched to your service and the user interface was a pleasant surprise right away,positive
266,the video streaming quality continues to be smooth every single time i use it,positive
267,i have been using the website since the redesign and it is just ordinary,neutral
268,the subscription plan made an passable first impression nothing memorable,neutral
269,no strong feelings either way the recommendation engine is decent,neutral
270,after three attempts the new features was a pleasant surprise which made everything so much easier,positive
271,the new features continues to be average every time i use it,neutral
272,i am fairly indifferent the notification system is unremarkable at best,neutral
273,no strong feelings either way the account setup process is passable,neutral
274,this is the most frustrating the new update i have come across,negative
275,this morning the app performance improved a lot and i could not be happier,positive
276,using the customer service response time after three attempts was about as fair as i expected,neutral
277,my review the settings page is reasonable works as advertised i suppose,neutral
278,the app design is okay it gets the job done nothing special,neutral
279,the website has been decent for me during my recent visit it is fine for basic use,neutral
280,i regret to say the help center was a nightmare to deal with since i signed up really considering switching to a competitor,negative
281,i was hopeful at first but the new update truly was a nightmare to deal with after the latest update,negative
282,my review the customer support team is well designed plain and simple,positive
283,the video streaming quality is an average part of the overall experience,neutral
284,my review the new features is fantastic plain and simple,positive
285,last weekend i tried the overall experience and it exceeded my expectations loved it,positive
286,honestly the dashboard was neither great nor bad when i used it over the past few days,neutral
287,the website continues to be average every time i use it,neutral
288,because of the checkout process my experience this morning was unreliable,negative
289,i expected more but the checkout process turned out adequate,neutral
290,it is rare to find something this subpar and the loading speed proves it it never worked as expected,negative
291,the team behind the app performance deserves credit it is fantastic and made my day,positive
292,after using it for a while the user interface was a nightmare to deal with which made everything so much harder,negative
293,big thumbs down for the security features unreliable and it failed repeatedly after three attempts,negative
294,my review the booking system is convenient plain and simple,positive
295,poor job on the website it is annoying and did not work at all,negative
296,i switched to your service and the loading speed really stood out right away,positive
297,every time i use the recommendation engine it feels average still deciding if i will stick with it,neutral
298,it is hard to say much the delivery service is just okay,neutral
299,a moderate experience overall with the app,neutral
300,after using it for a while i tried the recommendation engine and it was okay overall,neutral
301,since i signed up the loading speed kept freezing and i am really frustrated,negative
302,so far the payment system has been terrible and it even kept crashing after the latest update,negative
303,i have to complain the app performance is inadequate and let me down yesterday,negative
304,i am genuinely disappointed the onboarding process is buggy and unreliable,negative
305,i switched to your service and the return policy kept freezing right away,negative
306,just sharing my thoughts the loading speed is fair nothing more nothing less,neutral
307,no strong feelings either way the pricing plan is acceptable,neutral
308,every time i use the checkout process it was a pleasant surprise,positive
309,honestly the sync feature was neither great nor bad when i used it after using it for a while,neutral
310,kudos to the team the installation process is wonderful and worked flawlessly this morning,positive
311,it is rare to find something this unresponsive and the refund process proves it it wasted my time,negative
312,the subscription plan has been okay for me this morning it does the job i guess,neutral
313,recently i tried the loading speed and it was okay overall,neutral
314,it is an decent the security features meets the bare minimum expectations,neutral
315,i regret to say the recommendation engine kept freezing this week please fix this soon,negative
316,just wanted to share that the notification system is fantastic it really stood out,positive
317,it is an acceptable the overall experience meets the bare minimum expectations,neutral
318,i have to say the subscription plan is outstanding it improved a lot,positive
319,i have to complain the video streaming quality is poor and frustrated me yesterday,negative
320,so far the dashboard has been responsive and it even improved a lot after three attempts,positive
321,it is rare to find something this helpful but the new features worked perfectly,positive
322,after using it for a while the checkout process was moderate about what i expected,neutral
323,i switched to your service and the installation process failed repeatedly right away,negative
324,recently the notification system exceeded my expectations and i could not be happier,positive
325,so far the order tracking has been passable nothing to write home about,neutral
326,using the booking system during my recent visit was about as fair as i expected,neutral
327,kudos to the team the booking system is wonderful and saved me a lot of time this morning,positive
328,over the past few days the new features was typical about the same as before,neutral
329,the app is by far the most unresponsive part of the whole experience,negative
330,not going to lie the payment system really stood out this week best decision i made this year,positive
331,every time i use the overall experience it feels fair,neutral
332,using the login system during my recent visit was surprisingly problematic,negative
333,big thumbs down for the app performance clunky and it gave me constant issues last weekend,negative
334,the team behind the loyalty program needs to step up it is outdated and was a nightmare to deal with,negative
335,every time i use the dashboard it improved a lot will keep using it,positive
336,i have been using the booking system and it is genuinely unreliable,negative
337,just wanted to share that the notification system is great it worked flawlessly,positive
338,honestly failed repeatedly when i used the order tracking yesterday,negative
339,using your service last weekend was surprisingly inconvenient,negative
340,i have been using the user interface after the latest update and it is just reasonable,neutral
341,last weekend i tried the recommendation engine and it failed repeatedly hated it,negative
342,it is rare to find something this unreliable and the new update proves it it failed repeatedly,negative
343,after three attempts the user interface was unremarkable about the same as before,neutral
344,this is the most superb the website i have come across i am a happy customer,positive
345,the customer service response time is an moderate part of the overall experience,neutral
346,as a long time user i can say the new features is disappointing will not be using this again,negative
347,using the overall experience since i signed up was surprisingly superb,positive
348,not going to lie the delivery service really stood out after using it for a while keep up the great work,positive
349,the team behind the dashboard needs to step up it is inadequate and frustrated me,negative
350,this is the most wonderful the app i have come across best decision i made this year,positive
351,i regret to say the sync feature was a nightmare to deal with this week this needs serious improvement,negative
352,using the checkout process since i signed up was surprisingly reliable,positive
353,it is an average the overall experience meets the bare minimum expectations,neutral
354,i regret to say the overall experience let me down will not be using this again,negative
355,just wanted to share that the new features is wonderful it made my day,positive
356,poor job on the order tracking it is outdated and wasted my time,negative
357,my review the login system is inadequate plain and simple,negative
358,using the offline mode during my recent visit was surprisingly top notch,positive
359,an typical job on the new features does what it says,neutral
360,the live chat support made a bad first impression unresponsive and frustrated me after three attempts,negative
361,i have been using the help center during my recent visit and it is just basic,neutral
362,honestly was a nightmare to deal with when i used the refund process this week,negative
363,the login system really improved a lot highly satisfied overall,positive
364,i am genuinely impressed the notification system is reliable and reliable,positive
365,not bad not great the checkout process after the latest update was unremarkable,neutral
366,since i signed up the order tracking was acceptable about the same as before,neutral
367,recently the return policy worked perfectly which made everything so much easier,positive
368,the tracking feature is an unremarkable part of the overall experience,neutral
369,honestly improved a lot when i used the help center since the redesign,positive
370,i am sorry to say this but the loyalty program is poor it frustrated me after three attempts,negative
371,i am genuinely impressed the account setup process is smooth and reliable,positive
372,the team behind the website deserves credit it is great and really stood out,positive
373,big thumbs down for the live chat support awful and it kept crashing recently,negative
374,recently the account setup process wasted my time and i am really frustrated,negative
375,every time i use the checkout process it really stood out definitely recommend it,positive
376,as a long time user i can say the new update is excellent,positive
377,after using it for a while the onboarding process made things so easy which made everything so much easier,positive
378,big thumbs down for the app design unacceptable and it was a nightmare to deal with on my first try,negative
379,the team behind the search feature needs to step up it is unacceptable and never worked as expected,negative
380,every time i use the sync feature it feels passable could go either way honestly,neutral
381,the onboarding process made a great first impression excellent and worked perfectly recently,positive
382,cannot complain at all the order tracking is efficient and improved a lot after three attempts,positive
383,not bad not great the new update on my first try was reasonable,neutral
384,the team behind the tracking feature did an passable job could be better or worse,neutral
385,using the customer support team was about as average as i expected,neutral
386,i expected more but the new features turned out basic,neutral
387,the user interface has been poor for me after using it for a while really considering switching to a competitor,negative
388,i have to complain the dashboard is poor and let me down since the redesign,negative
389,last weekend i tried the loyalty program and it was typical overall,neutral
390,no strong feelings either way the loyalty program is unremarkable,neutral
391,using the installation process on my first try was about as typical as i expected,neutral
392,the app is by far the most user friendly part of the whole experience,positive
393,the sync feature is an typical part of the overall experience,neutral
394,this is the most disappointing the app i have come across will not be using this again,negative
395,i am fairly indifferent the return policy is moderate at best,neutral
396,i was hopeful at first but the notification system truly let me down after using it for a while,negative
397,the login system has been disappointing for me during my recent visit will not be using this again,negative
398,every time i use the mobile app it did not work at all this needs serious improvement,negative
399,the refund process made a great first impression top notch and was a pleasant surprise after using it for a while,positive
400,so far the new update has been frustrating and it even kept crashing,negative
401,the pricing plan is an adequate part of the overall experience,neutral
402,using the video streaming quality yesterday was surprisingly superb,positive
403,since the redesign the customer support team saved me a lot of time which made everything so much easier,positive
404,i have to complain the subscription plan is slow and did not work at all last weekend,negative
405,thanks to the tracking feature my experience was smooth,positive
406,fantastic job on the dashboard it is user friendly and was a pleasant surprise,positive
407,an adequate job on the onboarding process does what it says,neutral
408,an moderate job on the live chat support does what it says,neutral
409,so far the recommendation engine has been terrible and it even failed repeatedly since the redesign,negative
410,since i signed up i tried the search feature and it was average overall,neutral
411,i was hopeful at first but the new update truly frustrated me since the redesign,negative
412,i tried your service and the mobile app was adequate nothing surprising,neutral
413,after the latest update the mobile app kept freezing and i am really frustrated,negative
414,just wanted to complain that the installation process is slow it let me down,negative
415,it is rare to find something this intuitive but the video streaming quality worked perfectly,positive
416,this week the order tracking was fair about the same as before,neutral
417,just sharing my thoughts the settings page is reasonable nothing more nothing less,neutral
418,i am sorry to say this but the checkout process is unresponsive it failed repeatedly after the latest update,negative
419,mixed feelings about the installation process basic some things good some not,neutral
420,the dark mode option made a bad first impression unresponsive and did not work at all after using it for a while,negative
421,thanks to the return policy my experience yesterday was seamless,positive
422,the app really was a pleasant surprise definitely recommend it,positive
423,my review the sync feature is superb plain and simple,positive
424,big thumbs up for the loading speed user friendly and it improved a lot over the past few days,positive
425,no strong feelings either way the customer service response time is reasonable,neutral
426,honestly made things so easy when i used the offline mode after the latest update,positive
427,just wanted to complain that the offline mode is outdated it wasted my time,negative
428,just wanted to complain that the refund process is confusing it wasted my time,negative
429,i was hopeful at first but the login system truly wasted my time last weekend,negative
430,fantastic job on the delivery service it is fast and really stood out,positive
431,using the notification system was surprisingly unresponsive,negative
432,just sharing my thoughts the help center is okay nothing more nothing less,neutral
433,recently the live chat support was unremarkable about the same as before,neutral
434,this is the most frustrating the checkout process i have come across i want my money back,negative
435,i am genuinely impressed the login system is top notch and reliable,positive
436,i expected more but the sync feature turned out typical,neutral
437,the loading speed made a great first impression impressive and worked flawlessly last weekend,positive
438,i expected more but your service turned out basic,neutral
439,after using it for a while your service impressed me which made everything so much easier,positive
440,honestly exceeded my expectations when i used the settings page since the redesign,positive
441,no strong feelings either way the new features is passable,neutral
442,i regret to say the subscription plan failed repeatedly since i signed up very disappointed overall,negative
443,cannot complain at all the loyalty program is fast and really stood out recently,positive
444,every time i use the dark mode option it improved a lot,positive
445,because of the app design my experience on my first try was glitchy,negative
446,every time i use the delivery service it never worked as expected this needs serious improvement,negative
447,during the holiday season i tried the new update and it let me down hated it,negative
448,i expected more but the offline mode turned out ordinary,neutral
449,every time i use the video streaming quality it did not work at all i want my money back,negative
450,as a long time user i can say the payment system is great five stars from me,positive
451,fantastic job on the user interface it is superb and was a pleasant surprise,positive
452,not going to lie the settings page worked flawlessly after the latest update five stars from me,positive
453,i tried your service and the tracking feature was acceptable nothing surprising,neutral
454,an reasonable job on the tracking feature does what it says,neutral
455,after using it for a while the installation process was typical about what i expected,neutral
456,an reasonable job on the delivery service does what it says,neutral
457,the team behind the installation process needs to step up it is problematic and did not work at all,negative
458,last weekend the installation process improved a lot which made everything so much easier,positive
459,during the holiday season the app design made my day and i could not be happier,positive
460,i regret to say the app design never worked as expected this morning very disappointed overall,negative
461,every time i use the security features it really stood out will keep using it,positive
462,mixed feelings about the booking system ordinary some things good some not,neutral
463,the loyalty program has been reliable for me since i signed up will keep using it,positive
464,during the holiday season i tried the mobile app and it made things so easy loved it,positive
465,this is a fairly reasonable the sync feature similar to others i have used,neutral
466,i am sorry to say this but the return policy is terrible it frustrated me after three attempts,negative
467,the payment system is an typical part of the overall experience,neutral
468,the team behind the search feature did an typical job could be better or worse,neutral
469,cannot complain at all the customer service response time is excellent and was a pleasant surprise this morning,positive
470,the refund process is by far the most superb part of the whole experience,positive
471,the subscription plan is by far the most intuitive part of the whole experience,positive
472,using the pricing plan recently was about as reasonable as i expected,neutral
473,the team behind the recommendation engine did an fair job could be better or worse,neutral
474,the search feature is by far the most problematic part of the whole experience,negative
475,the payment system is standard it gets the job done nothing special,neutral
476,as a long time user i can say the recommendation engine is intuitive best decision i made this year,positive
477,as a long time user i can say the subscription plan is smooth best decision i made this year,positive
478,this morning i tried the settings page and it worked flawlessly loved it,positive
479,i am genuinely disappointed the security features is buggy and unreliable,negative
480,i have to say the website is fantastic it exceeded my expectations,positive
481,i have to say the app performance is helpful it impressed me last weekend,positive
482,last month the user interface was average about the same as before,neutral
483,just wanted to complain that the pricing plan is terrible it kept crashing,negative
484,because of the app my experience during the holiday season was messy,negative
485,using the dark mode option over the past few days was surprisingly excellent,positive
486,as a user for a while now i would call the loyalty program typical it is fine for basic use,neutral
487,the delivery service has been efficient for me after three attempts definitely recommend it,positive
488,every time i use the booking system it never worked as expected please fix this soon,negative
489,the tracking feature made an moderate first impression nothing memorable,neutral
490,as a user for a while now i would call the app design standard still deciding if i will stick with it,neutral
491,i have to complain the overall experience is inconvenient and failed repeatedly,negative
492,the team behind the installation process needs to step up it is slow and gave me constant issues,negative
493,i switched to your service and the help center impressed me right away,positive
494,mixed feelings about the user interface average some things good some not,neutral
495,my review the recommendation engine is ordinary works as advertised i suppose,neutral
496,regarding the pricing plan my experience last month was acceptable,neutral
497,using the pricing plan on my first try was about as adequate as i expected,neutral
498,the team behind the dark mode option needs to step up it is slow and kept crashing,negative
499,i have been using the tracking feature after using it for a while and it is just average,neutral
500,the team behind the website deserves credit it is superb and was a pleasant surprise,positive
501,the team behind the mobile app did an typical job could be better or worse,neutral
502,mixed feelings about the loyalty program passable some things good some not,neutral
503,my review the login system is frustrating plain and simple,negative
504,cannot complain at all the customer support team is helpful and impressed me on my first try,positive
505,just wanted to complain that the mobile app is confusing it kept crashing,negative
506,i would say the video streaming quality is basic it did not really stand out after the latest update,neutral
507,it is an passable the overall experience meets the bare minimum expectations,neutral
508,i am genuinely impressed the dashboard is seamless and reliable,positive
509,over the past few days the app performance was average about the same as before,neutral
510,honestly the notification system was neither great nor bad when i used it,neutral
511,this is the most unacceptable the offline mode i have come across i want my money back,negative
512,i would say the refund process is passable it did not really stand out on my first try,neutral
513,i was skeptical at first but the return policy truly really stood out on my first try,positive
514,i tried your service and the onboarding process was ordinary nothing surprising,neutral
515,i would say the app design is unremarkable it did not really stand out this week,neutral
516,an passable job on the notification system does what it says,neutral
517,not bad not great the installation process during my recent visit was fair might continue using it for now,neutral
518,i switched to your service and the notification system exceeded my expectations right away,positive
519,the checkout process has been passable for me yesterday it does the job i guess,neutral
520,i am fairly indifferent the installation process is fair at best,neutral
521,this week i tried the delivery service and it was a nightmare to deal with hated it,negative
522,the pricing plan has been efficient for me last month best decision i made this year,positive
523,so far the order tracking has been subpar and it even gave me constant issues since i signed up,negative
524,my review the return policy is responsive plain and simple,positive
525,this is a fairly okay the delivery service similar to others i have used,neutral
526,recently the return policy was a nightmare to deal with which made everything so much harder,negative
527,so far the dashboard has been top notch and it even saved me a lot of time since i signed up,positive
528,i have been using the offline mode last weekend and it is genuinely excellent,positive
529,big thumbs up for the security features excellent and it impressed me recently,positive
530,it is rare to find something this fantastic but the new features really stood out,positive
531,what a wonderful experience with your service,positive
532,it is an ordinary the live chat support meets the bare minimum expectations,neutral
533,as a long time user i can say the loyalty program is seamless highly satisfied overall,positive
534,as a long time user i can say the installation process is top notch five stars from me,positive
535,what a helpful experience with the app design,positive
536,it is an passable the mobile app meets the bare minimum expectations,neutral
537,the team behind the loyalty program deserves credit it is helpful and made my day,positive
538,i expected more but the loyalty program turned out standard,neutral
539,it is rare to find something this top notch but the customer support team worked flawlessly,positive
540,it is an moderate the website meets the bare minimum expectations,neutral
541,because of the loyalty program my experience last month was messy,negative
542,i am genuinely impressed the live chat support is efficient and reliable,positive
543,i have been using the loading speed recently and it is just acceptable,neutral
544,i tried your service and the account setup process was so so nothing surprising,neutral
545,the search feature really wasted my time please fix this soon,negative
546,i have to complain the delivery service is unreliable and frustrated me during the holiday season,negative
547,the delivery service continues to be ordinary every time i use it,neutral
548,the website made a bad first impression problematic and frustrated me this week,negative
549,it is hard to say much the customer support team is just unremarkable,neutral
550,poor job on your service it is confusing and gave me constant issues,negative
551,i am fairly indifferent the loyalty program is moderate at best,neutral
552,i was hopeful at first but the sync feature truly did not work at all since i signed up,negative
553,i expected more but the dark mode option turned out so so,neutral
554,my review the notification system is buggy plain and simple,negative
555,the app design has been messy for me this needs serious improvement,negative
556,yesterday the notification system was unremarkable about the same as before,neutral
557,cannot complain at all the subscription plan is convenient and worked flawlessly this week,positive
558,last weekend the video streaming quality was typical about what i expected,neutral
559,i have been using the pricing plan since the redesign and it is genuinely messy,negative
560,every time i use the customer service response time it wasted my time not what i expected at all,negative
561,the sync feature has been okay for me during the holiday season it does the job i guess,neutral
562,cannot complain at all the offline mode is intuitive and exceeded my expectations since i signed up,positive
563,i have to complain the new update is confusing and gave me constant issues yesterday,negative
564,as a user for a while now i would call the security features typical might continue using it for now,neutral
565,the app performance is by far the most impressive part of the whole experience,positive
566,the loyalty program has been adequate for me after the latest update could go either way honestly,neutral
567,honestly improved a lot when i used the customer service response time during the holiday season,positive
568,as a long time user i can say the delivery service is efficient best decision i made this year,positive
569,this is the most top notch the subscription plan i have come across keep up the great work,positive
570,recently i tried the payment system and it failed repeatedly hated it,negative
571,i am sorry to say this but the pricing plan is annoying it kept freezing this morning,negative
572,on my first try i tried the payment system and it worked perfectly loved it,positive
573,so far the new features has been inadequate and it even failed repeatedly since i signed up,negative
574,honestly the checkout process was neither great nor bad when i used it,neutral
575,it is rare to find something this impressive but the security features made my day,positive
576,the dashboard made a great first impression reliable and exceeded my expectations this morning,positive
577,i was hopeful at first but the pricing plan truly let me down since i signed up,negative
578,regarding the sync feature my experience after three attempts was basic,neutral
579,a so so experience overall with the customer service response time,neutral
580,not impressed at all the search feature is disappointing and wasted my time last weekend,negative
581,no strong feelings either way the checkout process is fair,neutral
582,so far the return policy has been inadequate and it even did not work at all during the holiday season,negative
583,a passable experience overall with the installation process,neutral
584,using the sync feature was surprisingly user friendly,positive
585,every time i use the tracking feature it kept freezing very disappointed overall,negative
586,big thumbs down for the app design awful and it kept crashing,negative
587,the recommendation engine has been efficient for me over the past few days five stars from me,positive
588,the team behind the loyalty program did an standard job could be better or worse,neutral
589,honestly the installation process was neither great nor bad when i used it during my recent visit,neutral
590,it is hard to say much the offline mode is just acceptable,neutral
591,every time i use the pricing plan it exceeded my expectations,positive
592,honestly the new features was neither great nor bad when i used it this morning,neutral
593,the live chat support has been annoying for me since i signed up,negative
594,not going to lie the security features saved me a lot of time this morning definitely recommend it,positive
595,no strong feelings either way your service is decent,neutral
596,after using it for a while the sync feature was standard about what i expected,neutral
597,the return policy has been inadequate for me this week very disappointed overall,negative
598,every time i use the refund process it feels typical still deciding if i will stick with it,neutral
599,the app has been acceptable for me this week might continue using it for now,neutral
600,last month i tried the app design and it never worked as expected hated it,negative
601,this is the most convenient your service i have come across this is exactly what i needed,positive
602,mixed feelings about the new update acceptable some things good some not,neutral
603,i expected more but the sync feature turned out fair,neutral
604,it is rare to find something this slow and the loyalty program proves it it never worked as expected,negative
605,the account setup process really was a pleasant surprise,positive
606,the overall experience continues to be acceptable every time i use it,neutral
607,your service made a great first impression convenient and improved a lot recently,positive
608,the app performance continues to be wonderful every single time i use it,positive
609,i expected more but the security features turned out basic,neutral
610,big thumbs up for the login system intuitive and it was a pleasant surprise,positive
611,i am genuinely impressed the payment system is smooth and reliable,positive
612,regarding the app performance my experience over the past few days was typical,neutral
613,since the redesign the search feature was ordinary about the same as before,neutral
614,just wanted to complain that the help center is subpar it failed repeatedly,negative
615,my review the onboarding process is typical works as advertised i suppose,neutral
616,the account setup process has been passable for me could go either way honestly,neutral
617,fantastic job on the sync feature it is reliable and impressed me,positive
618,this morning i tried the customer service response time and it kept freezing hated it,negative
619,poor job on the payment system it is messy and failed repeatedly,negative
620,a acceptable experience overall with the new update,neutral
621,the team behind the live chat support did an okay job could be better or worse,neutral
622,what a intuitive experience with the settings page five stars from me,positive
623,i have been using the payment system since the redesign and it is just unremarkable,neutral
624,i am fairly indifferent the video streaming quality is average at best,neutral
625,just sharing my thoughts the security features is typical nothing more nothing less,neutral
626,as a user for a while now i would call the recommendation engine acceptable,neutral
627,i have to complain the new update is outdated and gave me constant issues,negative
628,using the login system was surprisingly intuitive,positive
629,the pricing plan has been fair for me after the latest update,neutral
630,i was hopeful at first but your service truly was a nightmare to deal with yesterday,negative
631,i switched to your service and the delivery service frustrated me right away,negative
632,fantastic job on the refund process it is seamless and was a pleasant surprise,positive
633,during my recent visit the mobile app was a nightmare to deal with which made everything so much harder,negative
634,regarding the payment system my experience on my first try was unremarkable,neutral
635,kudos to the team the offline mode is outstanding and was a pleasant surprise since the redesign,positive
636,it is rare to find something this seamless but the app performance worked perfectly,positive
637,i have to complain the help center is unreliable and gave me constant issues on my first try,negative
638,honestly the delivery service was neither great nor bad when i used it,neutral
639,the tracking feature made a bad first impression poor and frustrated me over the past few days,negative
640,big thumbs up for the return policy fast and it impressed me,positive
641,the refund process made a bad first impression awful and frustrated me,negative
642,i was skeptical at first but the new features truly really stood out recently,positive
643,so far your service has been okay nothing to write home about,neutral
644,i have to say the new features is superb it improved a lot during the holiday season,positive
645,big thumbs up for the live chat support seamless and it worked perfectly after the latest update,positive
646,honestly wasted my time when i used the recommendation engine after the latest update,negative
647,my review the live chat support is convenient plain and simple,positive
648,i have been using the subscription plan after using it for a while and it is just standard,neutral
649,since the redesign i tried the user interface and it was fair overall,neutral
650,because of the security features my experience on my first try was inadequate,negative
651,big thumbs down for the onboarding process terrible and it never worked as expected since the redesign,negative
652,the settings page made a bad first impression glitchy and gave me constant issues since the redesign,negative
653,my review the pricing plan is average works as advertised i suppose,neutral
654,not going to lie the loading speed really stood out since i signed up highly satisfied overall,positive
655,this is the most top notch the customer support team i have come across definitely recommend it,positive
656,using the settings page last weekend was surprisingly disappointing,negative
657,every time i use the loading speed it feels moderate,neutral
658,my review the new features is terrible plain and simple,negative
659,poor job on the security features it is subpar and kept freezing,negative
660,not going to lie the website worked flawlessly since the redesign this is exactly what i needed,positive
661,last weekend i tried the payment system and it was unremarkable overall,neutral
662,every time i use the overall experience it saved me a lot of time,positive
663,the app performance made an reasonable first impression nothing memorable,neutral
664,after the latest update the delivery service kept freezing and i am really frustrated,negative
665,the team behind the sync feature deserves credit it is seamless and was a pleasant surprise,positive
666,after the latest update i tried the settings page and it was reasonable overall,neutral
667,every time i use the return policy it feels average nothing special either way,neutral
668,recently the help center gave me constant issues which made everything so much harder,negative
669,because of the user interface my experience during my recent visit was buggy,negative
670,using the installation process since i signed up was surprisingly excellent,positive
671,the team behind the order tracking deserves credit it is impressive and made my day,positive
672,big thumbs down for the app performance subpar and it let me down recently,negative
673,this is a fairly moderate the login system similar to others i have used,neutral
674,the dark mode option is standard it gets the job done nothing special,neutral
675,the new update made a great first impression excellent and exceeded my expectations this morning,positive
676,just wanted to share that the delivery service is fantastic it made things so easy,positive
677,i was hopeful at first but the installation process truly frustrated me recently,negative
678,every time i use the account setup process it worked perfectly five stars from me,positive
679,every time i use the booking system it feels average still deciding if i will stick with it,neutral
680,fantastic job on the dark mode option it is fast and improved a lot,positive
681,big thumbs down for the search feature inadequate and it wasted my time after three attempts,negative
682,not impressed at all the video streaming quality is unreliable and was a nightmare to deal with this morning,negative
683,recently the app really stood out which made everything so much easier,positive
684,kudos to the team the refund process is great and made things so easy over the past few days,positive
685,just wanted to complain that the app is unreliable it was a nightmare to deal with,negative
686,using the loyalty program this morning was surprisingly amazing,positive
687,the settings page made a great first impression amazing and impressed me during the holiday season,positive
688,regarding the search feature my experience during the holiday season was decent,neutral
689,every time i use the refund process it impressed me best decision i made this year,positive
690,it is an ordinary the app meets the bare minimum expectations,neutral
691,i am genuinely disappointed the tracking feature is messy and unreliable,negative
692,the installation process is by far the most unreliable part of the whole experience,negative
693,not going to lie the security features made things so easy after three attempts highly satisfied overall,positive
694,over the past few days i tried the onboarding process and it was basic overall,neutral
695,this is the most intuitive the order tracking i have come across this is exactly what i needed,positive
696,not going to lie the loading speed exceeded my expectations over the past few days,positive
697,using the subscription plan during my recent visit was surprisingly inconvenient,negative
698,the search feature really frustrated me,negative
699,as a long time user i can say the tracking feature is slow please fix this soon,negative
700,the checkout process has been unremarkable for me over the past few days it is fine for basic use,neutral
701,the tracking feature has been basic for me since i signed up,neutral
702,every time i use the dashboard it kept crashing not what i expected at all,negative
703,i would say the installation process is so so it did not really stand out this morning,neutral
704,just wanted to complain that the search feature is frustrating it gave me constant issues,negative
705,every time i use the installation process it made things so easy definitely recommend it,positive
706,i regret to say the subscription plan gave me constant issues this week i want my money back,negative
707,poor job on the video streaming quality it is confusing and kept crashing,negative
708,the loyalty program continues to be responsive every single time i use it,positive
709,big thumbs up for the pricing plan intuitive and it worked perfectly since the redesign,positive
710,what a poor experience with the live chat support really considering switching to a competitor,negative
711,i switched to your service and the return policy improved a lot right away,positive
712,the website really failed repeatedly this needs serious improvement,negative
713,the new update continues to be efficient every single time i use it,positive
714,kudos to the team the login system is well designed and worked perfectly since the redesign,positive
715,the video streaming quality is by far the most outdated part of the whole experience,negative
716,as a user for a while now i would call the account setup process typical it is fine for basic use,neutral
717,since i signed up i tried the live chat support and it was moderate overall,neutral
718,cannot complain at all the overall experience is impressive and made my day recently,positive
719,honestly made my day when i used the installation process yesterday,positive
720,not impressed at all the new update is inadequate and did not work at all last month,negative
721,i tried your service and the settings page was typical nothing surprising,neutral
722,just wanted to share that the help center is user friendly it improved a lot,positive
723,poor job on the app design it is unresponsive and kept freezing,negative
724,the team behind the order tracking did an standard job could be better or worse,neutral
725,i am genuinely impressed the delivery service is efficient and reliable,positive
726,poor job on the installation process it is outdated and kept freezing,negative
727,i am genuinely disappointed the live chat support is problematic and unreliable,negative
728,this is a fairly passable the user interface similar to others i have used,neutral
729,i switched to your service and the payment system made things so easy right away,positive
730,the security features made a bad first impression disappointing and wasted my time,negative
731,during the holiday season the order tracking let me down and i am really frustrated,negative
732,just sharing my thoughts the user interface is unremarkable nothing more nothing less,neutral
733,after three attempts the customer support team improved a lot which made everything so much easier,positive
734,as a long time user i can say the user interface is impressive will keep using it,positive
735,an passable job on the offline mode does what it says,neutral
736,i have to complain the recommendation engine is disappointing and kept crashing during the holiday season,negative
737,just sharing my thoughts the order tracking is ordinary nothing more nothing less,neutral
738,kudos to the team the notification system is fast and exceeded my expectations yesterday,positive
739,using the subscription plan was surprisingly excellent,positive
740,the loyalty program has been decent for me last month could go either way honestly,neutral
741,honestly saved me a lot of time when i used the overall experience this morning,positive
742,the order tracking really let me down please fix this soon,negative
743,no strong feelings either way the user interface is basic,neutral
744,my review the checkout process is awful plain and simple,negative
745,i was skeptical at first but the customer service response time truly made my day last month,positive
746,i have to complain the return policy is subpar and failed repeatedly after the latest update,negative
747,my review the settings page is responsive plain and simple,positive
748,the checkout process continues to be acceptable every time i use it,neutral
749,just wanted to complain that the app is subpar it kept crashing,negative
750,this is the most fast the installation process i have come across will keep using it,positive
751,the onboarding process really did not work at all,negative
752,the overall experience really frustrated me this needs serious improvement,negative
753,using the delivery service since i signed up was surprisingly outstanding,positive
754,i am fairly indifferent the app design is basic at best,neutral
755,mixed feelings about the account setup process acceptable some things good some not,neutral
756,as a long time user i can say the notification system is buggy will not be using this again,negative
757,as a long time user i can say your service is smooth i am a happy customer,positive
758,recently the delivery service was ordinary about the same as before,neutral
759,the user interface continues to be fast every single time i use it,positive
760,the video streaming quality made a great first impression helpful and saved me a lot of time after using it for a while,positive
761,i regret to say the account setup process kept crashing this week this needs serious improvement,negative
762,a passable experience overall with the app design,neutral
763,honestly gave me constant issues when i used the loading speed yesterday,negative
764,using the loading speed yesterday was surprisingly reliable,positive
765,so far the search feature has been glitchy and it even did not work at all during the holiday season,negative
766,the team behind the payment system did an fair job could be better or worse,neutral
767,i am genuinely disappointed the payment system is buggy and unreliable,negative
768,using the new features over the past few days was surprisingly top notch,positive
769,honestly the help center was neither great nor bad when i used it after using it for a while,neutral
770,just wanted to complain that the tracking feature is problematic it kept crashing,negative
771,the mobile app is by far the most convenient part of the whole experience,positive
772,my review the offline mode is standard works as advertised i suppose,neutral
773,the new update really never worked as expected this needs serious improvement,negative
774,every time i use the mobile app it feels fair,neutral
775,so far the overall experience has been problematic and it even frustrated me last month,negative
776,i expected more but the booking system turned out standard,neutral
777,this is a fairly decent the loading speed similar to others i have used,neutral
778,on my first try i tried the onboarding process and it impressed me loved it,positive
779,big thumbs up for the booking system fast and it made my day since i signed up,positive
780,using the refund process last weekend was surprisingly awful,negative
781,recently i tried the customer service response time and it impressed me loved it,positive
782,this is a fairly typical the customer support team similar to others i have used,neutral
783,this morning the notification system exceeded my expectations and i could not be happier,positive
784,so far the delivery service has been typical nothing to write home about,neutral
785,it is rare to find something this outstanding but the live chat support saved me a lot of time,positive
786,since the redesign the search feature improved a lot which made everything so much easier,positive
787,this is a fairly average the live chat support similar to others i have used,neutral
788,just sharing my thoughts the recommendation engine is so so nothing more nothing less,neutral
789,fantastic job on the settings page it is great and was a pleasant surprise,positive
790,poor job on the loading speed it is messy and was a nightmare to deal with,negative
791,i am genuinely disappointed the pricing plan is problematic and unreliable,negative
792,the security features really made things so easy i am a happy customer,positive
793,i have been using the new features since the redesign and it is genuinely great,positive
794,kudos to the team the refund process is well designed and worked flawlessly after the latest update,positive
795,every time i use the dashboard it wasted my time please fix this soon,negative
796,the onboarding process is by far the most reliable part of the whole experience,positive
797,the loyalty program is by far the most smooth part of the whole experience,positive
798,honestly exceeded my expectations when i used the checkout process since i signed up,positive
799,the user interface continues to be okay every time i use it,neutral
800,this morning the overall experience failed repeatedly and i am really frustrated,negative
801,an basic job on the order tracking does what it says,neutral
802,i switched to your service and the tracking feature kept freezing right away,negative
803,after the latest update the tracking feature was average about the same as before,neutral
804,honestly the user interface was neither great nor bad when i used it since i signed up,neutral
805,i was hopeful at first but the security features truly let me down after the latest update,negative
806,what a unreliable experience with the delivery service,negative
807,it is rare to find something this inadequate and the login system proves it it failed repeatedly,negative
808,i was hopeful at first but the app performance truly did not work at all,negative
809,last weekend i tried your service and it never worked as expected hated it,negative
810,what a fast experience with the onboarding process definitely recommend it,positive
811,so far the account setup process has been excellent and it even made things so easy after the latest update,positive
812,the team behind the installation process deserves credit it is amazing and worked flawlessly,positive
813,just wanted to complain that the return policy is clunky it kept crashing,negative
814,the delivery service really did not work at all will not be using this again,negative
815,i am genuinely impressed the security features is reliable and reliable,positive
816,big thumbs down for the search feature frustrating and it kept crashing recently,negative
817,this is a fairly ordinary the payment system similar to others i have used,neutral
818,not bad not great the customer support team this week was passable,neutral
819,the new features continues to be excellent every single time i use it,positive
820,the checkout process has been clunky for me after three attempts will not be using this again,negative
821,the sync feature really kept freezing not what i expected at all,negative
822,since i signed up the refund process kept freezing which made everything so much harder,negative
823,i switched to your service and the account setup process made my day right away,positive
824,not bad not great the checkout process this morning was reasonable might continue using it for now,neutral
825,as a long time user i can say the sync feature is fast definitely recommend it,positive
826,every time i use the video streaming quality it kept crashing,negative
827,your service has been poor for me during my recent visit,negative
828,mixed feelings about the app performance basic some things good some not,neutral
829,every time i use the installation process it was a pleasant surprise keep up the great work,positive
830,poor job on the customer support team it is unreliable and kept crashing,negative
831,fantastic job on the video streaming quality it is amazing and saved me a lot of time,positive
832,as a user for a while now i would call the installation process ordinary could go either way honestly,neutral
833,i regret to say your service let me down last month please fix this soon,negative
834,the team behind the mobile app needs to step up it is poor and kept freezing,negative
835,because of the order tracking my experience recently was clunky,negative
836,this is a fairly typical the app similar to others i have used,neutral
837,fantastic job on the app it is wonderful and made my day,positive
838,mixed feelings about the return policy passable some things good some not,neutral
839,i switched to your service and the installation process improved a lot right away,positive
840,every time i use the new update it feels basic,neutral
841,using the dashboard was surprisingly poor,negative
842,it is rare to find something this disappointing and the dark mode option proves it it kept freezing,negative
843,it is an reasonable the security features meets the bare minimum expectations,neutral
844,after three attempts i tried the customer support team and it was moderate overall,neutral
845,recently the overall experience kept crashing which made everything so much harder,negative
846,the app performance made a great first impression fantastic and made my day last weekend,positive
847,i expected more but the search feature turned out passable,neutral
848,i am fairly indifferent the onboarding process is reasonable at best,neutral
849,not going to lie the live chat support worked flawlessly after the latest update definitely recommend it,positive
850,not going to lie the pricing plan saved me a lot of time last month,positive
851,the dashboard really was a nightmare to deal with not what i expected at all,negative
852,the team behind the customer service response time deserves credit it is intuitive and was a pleasant surprise,positive
853,not impressed at all the onboarding process is unreliable and let me down during my recent visit,negative
854,kudos to the team the website is outstanding and was a pleasant surprise recently,positive
855,i am fairly indifferent the booking system is unremarkable at best,neutral
856,my review the onboarding process is outstanding plain and simple,positive
857,the delivery service has been amazing for me five stars from me,positive
858,mixed feelings about the recommendation engine standard some things good some not,neutral
859,regarding the order tracking my experience during the holiday season was typical,neutral
860,the account setup process really saved me a lot of time highly satisfied overall,positive
861,the booking system really made things so easy keep up the great work,positive
862,the team behind the dashboard did an typical job could be better or worse,neutral
863,cannot complain at all the dark mode option is smooth and worked flawlessly,positive
864,the team behind your service did an average job could be better or worse,neutral
865,poor job on the onboarding process it is slow and gave me constant issues,negative
866,the checkout process made a great first impression responsive and exceeded my expectations this morning,positive
867,this is the most superb your service i have come across,positive
868,not bad not great the account setup process during my recent visit was passable,neutral
869,i have to complain the order tracking is frustrating and kept freezing,negative
870,what a responsive experience with the delivery service this is exactly what i needed,positive
871,mixed feelings about the help center okay some things good some not,neutral
872,the new update really impressed me i am a happy customer,positive
873,every time i use the offline mode it let me down really considering switching to a competitor,negative
874,the sync feature is an reasonable part of the overall experience,neutral
875,as a user for a while now i would call the tracking feature okay nothing special either way,neutral
876,this is a fairly okay the dark mode option similar to others i have used,neutral
877,the team behind the return policy did an reasonable job could be better or worse,neutral
878,i am genuinely disappointed the tracking feature is clunky and unreliable,negative
879,i am fairly indifferent the tracking feature is so so at best,neutral
880,my review the dark mode option is helpful plain and simple,positive
881,just wanted to share that the customer support team is reliable it made things so easy,positive
882,thanks to the sync feature my experience yesterday was well designed,positive
883,every time i use the app design it feels typical,neutral
884,i was skeptical at first but the loyalty program truly impressed me after the latest update,positive
885,every time i use the new update it kept freezing please fix this soon,negative
886,my review your service is top notch plain and simple,positive
887,i switched to your service and the dark mode option was a nightmare to deal with right away,negative
888,as a long time user i can say the refund process is responsive five stars from me,positive
889,last weekend i tried the user interface and it was decent overall,neutral
890,as a long time user i can say the tracking feature is responsive highly satisfied overall,positive
891,honestly did not work at all when i used the new features last weekend,negative
892,not bad not great the payment system after using it for a while was ordinary it does the job i guess,neutral
893,what a amazing experience with the booking system will keep using it,positive
894,the loading speed continues to be superb every single time i use it,positive
895,i was skeptical at first but the new features truly worked flawlessly,positive
896,it is rare to find something this subpar and the customer service response time proves it it did not work at all,negative
897,i was hopeful at first but the dashboard truly wasted my time,negative
898,the team behind the overall experience deserves credit it is top notch and saved me a lot of time,positive
899,not impressed at all the notification system is subpar and wasted my time after the latest update,negative
900,it is hard to say much the app design is just decent,neutral
901,my review the booking system is subpar plain and simple,negative
902,i would say the account setup process is ordinary it did not really stand out after the latest update,neutral
903,it is an basic the security features meets the bare minimum expectations,neutral
904,the refund process continues to be frustrating every single time i use it,negative
905,i expected more but the overall experience turned out moderate,neutral
906,i have to complain the account setup process is subpar and frustrated me since i signed up,negative
907,i expected more but the customer service response time turned out unremarkable,neutral
908,the overall experience made an standard first impression nothing memorable,neutral
909,this week the loyalty program was acceptable about what i expected,neutral
910,just sharing my thoughts the refund process is fair nothing more nothing less,neutral
911,the customer service response time made a bad first impression inconvenient and never worked as expected since i signed up,negative
912,using the onboarding process this week was about as acceptable as i expected,neutral
913,so far the refund process has been problematic and it even failed repeatedly,negative
914,big thumbs down for the account setup process disappointing and it gave me constant issues yesterday,negative
915,fantastic job on the new features it is impressive and made things so easy,positive
916,thanks to the booking system my experience yesterday was wonderful,positive
917,it is rare to find something this fast but the offline mode worked perfectly,positive
918,every time i use the security features it made my day i am a happy customer,positive
919,it is rare to find something this unresponsive and the settings page proves it it kept crashing,negative
920,honestly kept crashing when i used the settings page after three attempts,negative
921,this is the most buggy the account setup process i have come across will not be using this again,negative
922,i switched to your service and the website really stood out right away,positive
923,not going to lie the return policy made things so easy this is exactly what i needed,positive
924,as a long time user i can say the help center is inconvenient not what i expected at all,negative
925,since the redesign the delivery service was acceptable about what i expected,neutral
926,it is rare to find something this clunky and the dashboard proves it it was a nightmare to deal with,negative
927,regarding the login system my experience this week was ordinary,neutral
928,it is hard to say much the video streaming quality is just fair,neutral
929,i have to complain the dashboard is confusing and never worked as expected,negative
930,the overall experience has been moderate for me after three attempts might continue using it for now,neutral
931,the live chat support has been smooth for me after using it for a while best decision i made this year,positive
932,i am genuinely disappointed the app design is unacceptable and unreliable,negative
933,honestly worked flawlessly when i used the onboarding process over the past few days,positive
934,it is an so so the return policy meets the bare minimum expectations,neutral
935,what a annoying experience with the refund process i want my money back,negative
936,since the redesign the customer support team was moderate about what i expected,neutral
937,just wanted to share that your service is great it improved a lot,positive
938,the sync feature has been convenient for me since i signed up highly satisfied overall,positive
939,what a clunky experience with the app performance really considering switching to a competitor,negative
940,since the redesign the live chat support saved me a lot of time and i could not be happier,positive
941,recently i tried the refund process and it was unremarkable overall,neutral
942,after using it for a while i tried the login system and it worked flawlessly loved it,positive
943,the live chat support has been slow for me,negative
944,i am fairly indifferent the notification system is standard at best,neutral
945,the security features continues to be adequate every time i use it,neutral
946,every time i use the refund process it feels reasonable nothing special either way,neutral
947,an acceptable job on the refund process does what it says,neutral
948,i was skeptical at first but the checkout process truly was a pleasant surprise recently,positive
949,i have to complain the dashboard is disappointing and did not work at all during the holiday season,negative
950,after the latest update the user interface worked perfectly which made everything so much easier,positive
951,it is hard to say much the loading speed is just so so,neutral
952,the new update has been ordinary for me this morning,neutral
953,i am sorry to say this but the dark mode option is confusing it never worked as expected during my recent visit,negative
954,over the past few days i tried the subscription plan and it let me down hated it,negative
955,big thumbs up for the app design top notch and it worked flawlessly after the latest update,positive
956,because of the security features my experience was outdated,negative
957,this week the dashboard was adequate about the same as before,neutral
958,every time i use the dark mode option it made my day will keep using it,positive
959,the loyalty program made a bad first impression slow and gave me constant issues over the past few days,negative
960,the installation process has been convenient for me,positive
961,i have been using the mobile app on my first try and it is genuinely efficient,positive
962,i have to complain the security features is unreliable and gave me constant issues during my recent visit,negative
963,what a wonderful experience with the onboarding process keep up the great work,positive
964,not bad not great the subscription plan recently was fair might continue using it for now,neutral
965,using the installation process was surprisingly poor,negative
966,it is hard to say much the account setup process is just moderate,neutral
967,i am fairly indifferent the user interface is unremarkable at best,neutral
968,an ordinary job on the sync feature does what it says,neutral
969,it is rare to find something this convenient but the refund process impressed me,positive
970,after the latest update the security features wasted my time which made everything so much harder,negative
971,not bad not great the user interface was decent might continue using it for now,neutral
972,what a outstanding experience with the notification system i am a happy customer,positive
973,it is an unremarkable your service meets the bare minimum expectations,neutral
974,big thumbs up for the dashboard top notch and it made things so easy this morning,positive
975,i was hopeful at first but your service truly never worked as expected after the latest update,negative
976,i have to say the delivery service is outstanding it made my day,positive
977,it is hard to say much the installation process is just unremarkable,neutral
978,recently the search feature was moderate about what i expected,neutral
979,the team behind the website did an passable job could be better or worse,neutral
980,after the latest update the app design really stood out and i could not be happier,positive
981,using the app was surprisingly wonderful,positive
982,after three attempts i tried the delivery service and it exceeded my expectations loved it,positive
983,using the live chat support last weekend was about as standard as i expected,neutral
984,not impressed at all the mobile app is problematic and wasted my time since the redesign,negative
985,kudos to the team the subscription plan is intuitive and worked flawlessly during my recent visit,positive
986,last weekend the refund process was adequate about the same as before,neutral
987,the offline mode is by far the most terrible part of the whole experience,negative
988,i expected more but the payment system turned out so so,neutral
989,as a long time user i can say the offline mode is wonderful highly satisfied overall,positive
990,the login system is by far the most messy part of the whole experience,negative
991,every time i use the help center it wasted my time please fix this soon,negative
992,yesterday i tried the help center and it improved a lot loved it,positive
993,just wanted to complain that the help center is unacceptable it let me down,negative
994,big thumbs up for the app performance efficient and it saved me a lot of time last weekend,positive
995,it is rare to find something this top notch but the video streaming quality made things so easy,positive
996,since the redesign the customer support team kept crashing which made everything so much harder,negative
997,my review the app performance is unreliable plain and simple,negative
998,honestly saved me a lot of time when i used the checkout process recently,positive
999,recently the login system gave me constant issues which made everything so much harder,negative
1000,cannot complain at all the loyalty program is responsive and saved me a lot of time this morning,positive
1001,yesterday the app was average about what i expected,neutral
1002,cannot complain at all the settings page is great and impressed me this week,positive
1003,just wanted to share that the video streaming quality is excellent it was a pleasant surprise,positive
1004,what a outdated experience with the new update will not be using this again,negative
1005,so far the overall experience has been typical nothing to write home about,neutral
1006,using the account setup process last weekend was about as acceptable as i expected,neutral
1007,this is the most poor the checkout process i have come across will not be using this again,negative
1008,just wanted to complain that the dashboard is poor it never worked as expected,negative
1009,the security features continues to be helpful every single time i use it,positive
1010,using the installation process over the past few days was surprisingly intuitive,positive
1011,regarding the offline mode my experience since the redesign was unremarkable,neutral
1012,so far the loading speed has been fair nothing to write home about,neutral
1013,after three attempts the onboarding process was passable about what i expected,neutral
1014,just sharing my thoughts the notification system is decent nothing more nothing less,neutral
1015,using the overall experience on my first try was surprisingly awful,negative
1016,the user interface made an unremarkable first impression nothing memorable,neutral
1017,i have to complain the notification system is unreliable and wasted my time,negative
1018,the account setup process really really stood out five stars from me,positive
1019,the dashboard really kept freezing,negative
1020,i am genuinely disappointed the video streaming quality is disappointing and unreliable,negative
1021,i was hopeful at first but the notification system truly kept freezing yesterday,negative
1022,just sharing my thoughts the login system is passable nothing more nothing less,neutral
1023,what a terrible experience with the refund process,negative
1024,as a user for a while now i would call the mobile app reasonable it does the job i guess,neutral
1025,over the past few days the customer service response time was average about what i expected,neutral
1026,because of your service my experience last weekend was disappointing,negative
1027,i have been using the checkout process last weekend and it is genuinely buggy,negative
1028,i would say the order tracking is acceptable it did not really stand out,neutral
1029,i have to complain the live chat support is confusing and wasted my time over the past few days,negative
1030,i have to complain the settings page is unreliable and was a nightmare to deal with,negative
1031,after the latest update the account setup process worked perfectly and i could not be happier,positive
1032,i have been using the new features during the holiday season and it is genuinely confusing,negative
1033,the loyalty program really improved a lot definitely recommend it,positive
1034,thanks to the onboarding process my experience was wonderful,positive
1035,as a user for a while now i would call the loading speed so so,neutral
1036,i have to complain the overall experience is outdated and never worked as expected,negative
1037,i have to complain the login system is buggy and gave me constant issues after the latest update,negative
1038,i was hopeful at first but the recommendation engine truly did not work at all,negative
1039,every time i use the sync feature it worked flawlessly five stars from me,positive
1040,i switched to your service and the delivery service wasted my time right away,negative
1041,what a inconvenient experience with the new update please fix this soon,negative
1042,because of the installation process my experience yesterday was unresponsive,negative
1043,an basic job on the customer service response time does what it says,neutral
1044,my review the new update is inconvenient plain and simple,negative
1045,my review the loyalty program is acceptable works as advertised i suppose,neutral
1046,fantastic job on the user interface it is responsive and saved me a lot of time,positive
1047,the order tracking made a great first impression helpful and made my day this week,positive
1048,i am genuinely impressed the app design is smooth and reliable,positive
1049,fantastic job on the customer service response time it is well designed and was a pleasant surprise,positive
1050,i expected more but the new update turned out reasonable,neutral
1051,the return policy is by far the most glitchy part of the whole experience,negative
1052,so far the loading speed has been user friendly and it even saved me a lot of time recently,positive
1053,it is rare to find something this reliable but the booking system made things so easy,positive
1054,poor job on the dashboard it is poor and never worked as expected,negative
1055,so far the delivery service has been impressive and it even was a pleasant surprise after three attempts,positive
1056,the delivery service made a great first impression fast and saved me a lot of time during my recent visit,positive
1057,i expected more but the dashboard turned out typical,neutral
1058,i was skeptical at first but the account setup process truly really stood out last month,positive
1059,so far the app performance has been fast and it even was a pleasant surprise after three attempts,positive
1060,so far the settings page has been wonderful and it even impressed me on my first try,positive
1061,the offline mode continues to be decent every time i use it,neutral
1062,the search feature made a great first impression helpful and worked flawlessly over the past few days,positive
1063,as a long time user i can say the overall experience is superb best decision i made this year,positive
1064,my review the app is fair works as advertised i suppose,neutral
1065,the tracking feature really gave me constant issues,negative
1066,the customer service response time is moderate it gets the job done nothing special,neutral
1067,i am fairly indifferent the loyalty program is average at best,neutral
1068,i have to complain the booking system is confusing and failed repeatedly on my first try,negative
1069,thanks to the refund process my experience yesterday was efficient,positive
1070,this is the most slow the return policy i have come across please fix this soon,negative
1071,just sharing my thoughts the customer support team is moderate nothing more nothing less,neutral
1072,the website has been acceptable for me since the redesign might continue using it for now,neutral
1073,regarding the video streaming quality my experience was typical,neutral
1074,so far the installation process has been poor and it even kept crashing this morning,negative
1075,not bad not great the installation process last weekend was moderate nothing special either way,neutral
1076,what a clunky experience with the booking system i want my money back,negative
1077,the notification system has been subpar for me after three attempts i want my money back,negative
1078,i am fairly indifferent the loyalty program is so so at best,neutral
1079,i expected more but the app design turned out okay,neutral
1080,the team behind the settings page did an reasonable job could be better or worse,neutral
1081,honestly let me down when i used the security features,negative
1082,this is the most excellent the mobile app i have come across,positive
1083,i am sorry to say this but the security features is glitchy it failed repeatedly yesterday,negative
1084,honestly the loading speed was neither great nor bad when i used it this morning,neutral
1085,this morning the app let me down which made everything so much harder,negative
1086,the team behind the video streaming quality deserves credit it is responsive and made things so easy,positive
1087,using the sync feature yesterday was surprisingly outdated,negative
1088,i have to say the notification system is excellent it was a pleasant surprise after using it for a while,positive
1089,every time i use the overall experience it feels decent,neutral
1090,the notification system really was a pleasant surprise definitely recommend it,positive
1091,the tracking feature made a great first impression seamless and improved a lot this week,positive
1092,after three attempts the video streaming quality was a nightmare to deal with which made everything so much harder,negative
1093,the dark mode option continues to be great every single time i use it,positive
1094,the team behind the delivery service did an so so job could be better or worse,neutral
1095,as a long time user i can say the return policy is wonderful,positive
1096,not impressed at all the notification system is unacceptable and kept freezing last weekend,negative
1097,since the redesign the offline mode was so so about what i expected,neutral
1098,the help center is by far the most wonderful part of the whole experience,positive
1099,my review the return policy is convenient plain and simple,positive
1100,the overall experience is by far the most frustrating part of the whole experience,negative
1101,a decent experience overall with the loading speed could go either way honestly,neutral
1102,recently the mobile app saved me a lot of time and i could not be happier,positive
1103,on my first try the app design was passable about the same as before,neutral
1104,i regret to say the notification system kept freezing over the past few days not what i expected at all,negative
1105,it is rare to find something this smooth but the tracking feature impressed me,positive
1106,not impressed at all the account setup process is inadequate and gave me constant issues after using it for a while,negative
1107,i switched to your service and the login system failed repeatedly right away,negative
1108,big thumbs up for the delivery service wonderful and it exceeded my expectations recently,positive
1109,fantastic job on the booking system it is user friendly and improved a lot,positive
1110,after using it for a while i tried the delivery service and it let me down hated it,negative
1111,my review the mobile app is frustrating plain and simple,negative
1112,it is an ordinary the installation process meets the bare minimum expectations,neutral
1113,i would say the sync feature is moderate it did not really stand out,neutral
1114,i was hopeful at first but the app truly never worked as expected during the holiday season,negative
1115,the team behind the sync feature needs to step up it is inadequate and kept crashing,negative
1116,the website made a bad first impression poor and let me down,negative
1117,as a user for a while now i would call the mobile app okay still deciding if i will stick with it,neutral
1118,as a long time user i can say the new features is amazing i am a happy customer,positive
1119,this is the most confusing the security features i have come across very disappointed overall,negative
1120,no strong feelings either way the return policy is typical,neutral
1121,not going to lie the return policy made things so easy this week five stars from me,positive
1122,honestly let me down when i used the login system this morning,negative
1123,i was skeptical at first but the notification system truly made things so easy,positive
1124,so far the onboarding process has been confusing and it even wasted my time this week,negative
1125,i am sorry to say this but the settings page is frustrating it kept crashing last weekend,negative
1126,using the installation process was surprisingly well designed,positive
1127,so far the installation process has been responsive and it even saved me a lot of time over the past few days,positive
1128,honestly wasted my time when i used the booking system after using it for a while,negative
1129,i have to complain the booking system is problematic and was a nightmare to deal with,negative
1130,i would say the checkout process is reasonable it did not really stand out since the redesign,neutral
1131,during the holiday season the dashboard failed repeatedly and i am really frustrated,negative
1132,i am genuinely impressed the onboarding process is smooth and reliable,positive
1133,recently the return policy failed repeatedly and i am really frustrated,negative
1134,what a superb experience with the website,positive
1135,honestly never worked as expected when i used the payment system since i signed up,negative
1136,kudos to the team the new features is reliable and exceeded my expectations after using it for a while,positive
1137,i have been using the subscription plan yesterday and it is just typical,neutral
1138,i have been using the recommendation engine last month and it is genuinely amazing,positive
1139,honestly never worked as expected when i used the delivery service yesterday,negative
1140,the mobile app continues to be okay every time i use it,neutral
1141,the recommendation engine really wasted my time,negative
1142,i have to say the app design is fantastic it was a pleasant surprise last month,positive
1143,the new update is by far the most wonderful part of the whole experience,positive
1144,not impressed at all the new features is clunky and let me down this morning,negative
1145,fantastic job on the dashboard it is outstanding and made my day,positive
1146,just sharing my thoughts the video streaming quality is adequate nothing more nothing less,neutral
1147,on my first try the dashboard really stood out which made everything so much easier,positive
1148,i expected more but the website turned out okay,neutral
1149,just wanted to share that the mobile app is intuitive it made things so easy,positive
1150,since the redesign i tried the offline mode and it exceeded my expectations loved it,positive
1151,so far the checkout process has been excellent and it even made my day yesterday,positive
1152,what a superb experience with your service keep up the great work,positive
1153,i am sorry to say this but the help center is poor it never worked as expected last weekend,negative
1154,i regret to say the checkout process kept freezing last weekend will not be using this again,negative
1155,because of the video streaming quality my experience after the latest update was disappointing,negative
1156,poor job on the booking system it is clunky and frustrated me,negative
1157,regarding the notification system my experience this morning was basic,neutral
1158,i was skeptical at first but the app truly made my day after using it for a while,positive
1159,the pricing plan really wasted my time this needs serious improvement,negative
1160,big thumbs down for the notification system clunky and it gave me constant issues during the holiday season,negative
1161,during the holiday season the customer service response time kept freezing which made everything so much harder,negative
1162,i have to complain the payment system is slow and let me down since the redesign,negative
1163,it is rare to find something this excellent but the new update really stood out,positive
1164,the return policy has been poor for me since the redesign this needs serious improvement,negative
1165,it is rare to find something this excellent but the delivery service made my day,positive
1166,i switched to your service and the user interface really stood out right away,positive
1167,the live chat support made an unremarkable first impression nothing memorable,neutral
1168,after using it for a while the user interface really stood out and i could not be happier,positive
1169,i have to complain the new update is terrible and was a nightmare to deal with,negative
1170,the login system continues to be unresponsive every single time i use it,negative
1171,honestly the order tracking was neither great nor bad when i used it recently,neutral
1172,as a user for a while now i would call the loading speed ordinary could go either way honestly,neutral
1173,the search feature made a bad first impression glitchy and wasted my time during my recent visit,negative
1174,every time i use the checkout process it worked perfectly will keep using it,positive
1175,it is hard to say much the customer service response time is just reasonable,neutral
1176,i have been using the loading speed yesterday and it is just typical,neutral
1177,using the new update recently was about as average as i expected,neutral
1178,last weekend i tried the website and it was acceptable overall,neutral
1179,using the customer support team during the holiday season was surprisingly amazing,positive
1180,cannot complain at all the subscription plan is excellent and exceeded my expectations last weekend,positive
1181,it is rare to find something this helpful but the refund process improved a lot,positive
1182,the app performance really impressed me definitely recommend it,positive
1183,i would say the onboarding process is so so it did not really stand out during my recent visit,neutral
1184,i have been using the notification system over the past few days and it is genuinely impressive,positive
1185,just sharing my thoughts the payment system is okay nothing more nothing less,neutral
1186,i am sorry to say this but the settings page is terrible it wasted my time on my first try,negative
1187,recently i tried the login system and it impressed me loved it,positive
1188,after using it for a while the live chat support was a nightmare to deal with which made everything so much harder,negative
1189,as a long time user i can say the tracking feature is confusing,negative
1190,i was hopeful at first but the dashboard truly gave me constant issues yesterday,negative
1191,during my recent visit the checkout process was moderate about the same as before,neutral
1192,the return policy continues to be efficient every single time i use it,positive
1193,it is rare to find something this wonderful but the customer support team was a pleasant surprise,positive
1194,regarding the delivery service my experience was basic,neutral
1195,fantastic job on the onboarding process it is outstanding and made things so easy,positive
1196,since the redesign the help center was acceptable about what i expected,neutral
1197,the live chat support has been unreliable for me since the redesign,negative
1198,recently i tried your service and it worked flawlessly loved it,positive
1199,i switched to your service and the checkout process worked perfectly right away,positive
1200,an moderate job on the video streaming quality does what it says,neutral
1201,the user interface has been slow for me please fix this soon,negative
1202,this week the search feature exceeded my expectations which made everything so much easier,positive
1203,i would say the help center is so so it did not really stand out,neutral
1204,i have been using the account setup process over the past few days and it is just so so,neutral
1205,not going to lie the notification system was a pleasant surprise,positive
1206,it is rare to find something this disappointing and the mobile app proves it it gave me constant issues,negative
1207,because of the settings page my experience during the holiday season was outdated,negative
1208,it is an unremarkable the user interface meets the bare minimum expectations,neutral
1209,i expected more but the notification system turned out decent,neutral
1210,the refund process has been problematic for me over the past few days will not be using this again,negative
1211,after three attempts the booking system did not work at all which made everything so much harder,negative
1212,the installation process is reasonable it gets the job done nothing special,neutral
1213,just wanted to share that the customer support team is responsive it worked flawlessly,positive
1214,the customer support team continues to be helpful every single time i use it,positive
1215,i have to complain the account setup process is confusing and failed repeatedly yesterday,negative
1216,it is rare to find something this inconvenient and the dashboard proves it it frustrated me,negative
1217,i am sorry to say this but the user interface is unacceptable it was a nightmare to deal with yesterday,negative
1218,i have been using the loyalty program and it is just so so,neutral
1219,so far the notification system has been decent nothing to write home about,neutral
1220,just wanted to share that the booking system is seamless it made things so easy,positive
1221,what a problematic experience with the order tracking not what i expected at all,negative
1222,every time i use the help center it feels acceptable still deciding if i will stick with it,neutral
1223,the mobile app has been reasonable for me during my recent visit it does the job i guess,neutral
1224,the customer support team continues to be basic every time i use it,neutral
1225,just wanted to share that the app design is user friendly it was a pleasant surprise,positive
1226,as a long time user i can say the dark mode option is messy this needs serious improvement,negative
1227,it is rare to find something this great but the app design exceeded my expectations,positive
1228,last month i tried the refund process and it saved me a lot of time loved it,positive
1229,regarding the account setup process my experience since i signed up was reasonable,neutral
1230,thanks to the tracking feature my experience was top notch,positive
1231,not bad not great the customer service response time over the past few days was okay,neutral
1232,i have been using the order tracking after three attempts and it is genuinely unreliable,negative
1233,so far the recommendation engine has been subpar and it even was a nightmare to deal with recently,negative
1234,using the app was surprisingly responsive,positive
1235,honestly did not work at all when i used the subscription plan this week,negative
1236,it is an standard the loading speed meets the bare minimum expectations,neutral
1237,the search feature made a bad first impression problematic and did not work at all over the past few days,negative
1238,the customer service response time continues to be outstanding every single time i use it,positive
1239,this is the most convenient the customer support team i have come across highly satisfied overall,positive
1240,the sync feature continues to be inconvenient every single time i use it,negative
1241,i am sorry to say this but the loyalty program is unresponsive it wasted my time since i signed up,negative
1242,i am sorry to say this but the offline mode is problematic it never worked as expected after using it for a while,negative
1243,the team behind the recommendation engine deserves credit it is fantastic and exceeded my expectations,positive
1244,big thumbs up for the dark mode option fast and it worked perfectly recently,positive
1245,honestly the app design was neither great nor bad when i used it last month,neutral
1246,mixed feelings about the live chat support fair some things good some not,neutral
1247,i have been using the pricing plan this morning and it is genuinely convenient,positive
1248,using the sync feature over the past few days was surprisingly unreliable,negative
1249,an decent job on the subscription plan does what it says,neutral
1250,big thumbs down for the subscription plan annoying and it kept crashing on my first try,negative
1251,i am sorry to say this but the dashboard is clunky it did not work at all last weekend,negative
1252,the dashboard has been buggy for me since the redesign i want my money back,negative
1253,i am sorry to say this but the app design is messy it did not work at all,negative
1254,i have to say the app design is amazing it impressed me after three attempts,positive
1255,this is the most unresponsive the customer service response time i have come across i want my money back,negative
1256,i have been using the website this morning and it is genuinely user friendly,positive
1257,poor job on the video streaming quality it is messy and gave me constant issues,negative
1258,mixed feelings about the new features typical some things good some not,neutral
1259,the search feature has been glitchy for me after three attempts,negative
1260,i am fairly indifferent the mobile app is standard at best,neutral
1261,my review the login system is fantastic plain and simple,positive
1262,using the new update was surprisingly fast,positive
1263,the dashboard really saved me a lot of time keep up the great work,positive
1264,fantastic job on the return policy it is excellent and worked perfectly,positive
1265,because of the new update my experience during my recent visit was frustrating,negative
1266,i have to say the loading speed is superb it impressed me on my first try,positive
1267,honestly was a pleasant surprise when i used the tracking feature after three attempts,positive
1268,the tracking feature made a bad first impression problematic and wasted my time this week,negative
1269,i am sorry to say this but the account setup process is frustrating it was a nightmare to deal with during the holiday season,negative
1270,as a user for a while now i would call the loading speed basic might continue using it for now,neutral
1271,last month the sync feature really stood out and i could not be happier,positive
1272,this morning i tried the live chat support and it worked flawlessly loved it,positive
1273,honestly never worked as expected when i used the app design last month,negative
1274,since i signed up the dark mode option was passable about what i expected,neutral
1275,i have been using the new features after three attempts and it is genuinely amazing,positive
1276,i was skeptical at first but the security features truly really stood out this morning,positive
1277,using the checkout process after the latest update was surprisingly responsive,positive
1278,big thumbs up for the customer service response time fantastic and it made my day this morning,positive
1279,this week the user interface made my day which made everything so much easier,positive
1280,so far the sync feature has been glitchy and it even frustrated me,negative
1281,during the holiday season i tried the dark mode option and it kept crashing hated it,negative
1282,using the app this morning was surprisingly helpful,positive
1283,using the delivery service during the holiday season was surprisingly outdated,negative
1284,the new features made an standard first impression nothing memorable,neutral
1285,the delivery service made a great first impression impressive and made my day after using it for a while,positive
1286,honestly the return policy was neither great nor bad when i used it on my first try,neutral
1287,the team behind the tracking feature deserves credit it is superb and saved me a lot of time,positive
1288,the mobile app is an average part of the overall experience,neutral
1289,the user interface has been confusing for me during my recent visit please fix this soon,negative
1290,after three attempts i tried the mobile app and it did not work at all hated it,negative
1291,fantastic job on the login system it is smooth and made things so easy,positive
1292,big thumbs down for the video streaming quality terrible and it was a nightmare to deal with,negative
1293,my review the customer service response time is so so works as advertised i suppose,neutral
1294,what a awful experience with the installation process very disappointed overall,negative
1295,not bad not great the order tracking over the past few days was passable,neutral
1296,the settings page really kept freezing will not be using this again,negative
1297,the notification system continues to be fair every time i use it,neutral
1298,i switched to your service and the video streaming quality was a nightmare to deal with right away,negative
1299,the mobile app really was a pleasant surprise,positive
1300,the app design continues to be responsive every single time i use it,positive
1301,the recommendation engine made an basic first impression nothing memorable,neutral
1302,cannot complain at all the dark mode option is superb and made things so easy after three attempts,positive
1303,the live chat support made a great first impression superb and improved a lot recently,positive
1304,during my recent visit the notification system exceeded my expectations and i could not be happier,positive
1305,every time i use the login system it feels average,neutral
1306,thanks to the sync feature my experience over the past few days was top notch,positive
1307,what a fast experience with the booking system best decision i made this year,positive
1308,using the delivery service this week was about as okay as i expected,neutral
1309,using the video streaming quality during the holiday season was surprisingly great,positive
1310,my review the new features is excellent plain and simple,positive
1311,it is rare to find something this helpful but the customer support team made my day,positive
1312,i switched to your service and the return policy was a nightmare to deal with right away,negative
1313,this is a fairly so so the app design similar to others i have used,neutral
1314,so far the app performance has been slow and it even frustrated me recently,negative
1315,the booking system is by far the most glitchy part of the whole experience,negative
1316,over the past few days the installation process gave me constant issues and i am really frustrated,negative
1317,just sharing my thoughts the pricing plan is average nothing more nothing less,neutral
1318,so far the offline mode has been great and it even saved me a lot of time since the redesign,positive
1319,this is the most messy the customer service response time i have come across,negative
1320,not bad not great the installation process on my first try was basic,neutral
1321,i have been using the subscription plan over the past few days and it is genuinely terrible,negative
1322,no strong feelings either way the refund process is reasonable,neutral
1323,during the holiday season the security features frustrated me and i am really frustrated,negative
1324,recently i tried the notification system and it made my day loved it,positive
1325,during my recent visit the new features was a nightmare to deal with and i am really frustrated,negative
1326,using the overall experience was about as ordinary as i expected,neutral
1327,the pricing plan made a bad first impression unreliable and gave me constant issues last weekend,negative
1328,the team behind the onboarding process deserves credit it is amazing and improved a lot,positive
1329,the team behind the customer service response time needs to step up it is awful and let me down,negative
1330,i was skeptical at first but the search feature truly worked perfectly after three attempts,positive
1331,kudos to the team the live chat support is wonderful and worked flawlessly,positive
1332,i am genuinely impressed the recommendation engine is user friendly and reliable,positive
1333,the mobile app has been efficient for me during my recent visit five stars from me,positive
1334,honestly gave me constant issues when i used the live chat support this week,negative
1335,not bad not great your service over the past few days was fair it does the job i guess,neutral
1336,so far the recommendation engine has been inadequate and it even wasted my time on my first try,negative
1337,not bad not great the login system after using it for a while was typical nothing special either way,neutral
1338,cannot complain at all the notification system is impressive and improved a lot since i signed up,positive
1339,so far the payment system has been fast and it even exceeded my expectations,positive
1340,the team behind the notification system needs to step up it is inconvenient and kept crashing,negative
1341,it is rare to find something this awful and the installation process proves it it wasted my time,negative
1342,after the latest update i tried the loading speed and it kept crashing hated it,negative
1343,this is the most terrible your service i have come across please fix this soon,negative
1344,my review the onboarding process is excellent plain and simple,positive
1345,poor job on the subscription plan it is buggy and never worked as expected,negative
1346,what a reliable experience with the payment system highly satisfied overall,positive
1347,big thumbs down for the offline mode frustrating and it never worked as expected this morning,negative
1348,the refund process is average it gets the job done nothing special,neutral
1349,using the sync feature on my first try was about as decent as i expected,neutral
1350,during my recent visit the new features worked perfectly and i could not be happier,positive
1351,every time i use the subscription plan it feels acceptable,neutral
1352,using the new update during the holiday season was about as adequate as i expected,neutral
1353,big thumbs down for the loyalty program annoying and it was a nightmare to deal with during my recent visit,negative
1354,it is an adequate the website meets the bare minimum expectations,neutral
1355,using the subscription plan after three attempts was surprisingly subpar,negative
1356,this morning i tried the onboarding process and it was reasonable overall,neutral
1357,the pricing plan has been outstanding for me over the past few days keep up the great work,positive
1358,my review the sync feature is glitchy plain and simple,negative
1359,as a long time user i can say the sync feature is problematic please fix this soon,negative
1360,honestly kept crashing when i used the customer support team this morning,negative
1361,just wanted to share that the subscription plan is intuitive it worked flawlessly,positive
1362,i switched to your service and the checkout process exceeded my expectations right away,positive
1363,i am genuinely impressed the user interface is superb and reliable,positive
1364,no strong feelings either way the booking system is passable,neutral
1365,i have to say the offline mode is impressive it really stood out,positive
1366,a unremarkable experience overall with your service might continue using it for now,neutral
1367,over the past few days i tried the customer support team and it kept freezing hated it,negative
1368,i was skeptical at first but the help center truly really stood out over the past few days,positive
1369,an basic job on the dark mode option does what it says,neutral
1370,as a long time user i can say the booking system is convenient,positive
1371,i am genuinely disappointed the return policy is inadequate and unreliable,negative
1372,every time i use the new features it exceeded my expectations definitely recommend it,positive
1373,i was skeptical at first but the customer support team truly was a pleasant surprise last weekend,positive
1374,the search feature made a bad first impression frustrating and kept freezing,negative
1375,not bad not great the login system recently was adequate,neutral
1376,i expected more but the sync feature turned out ordinary,neutral
1377,every time i use the onboarding process it improved a lot will keep using it,positive
1378,it is rare to find something this amazing but the app design was a pleasant surprise,positive
1379,i am genuinely disappointed the account setup process is confusing and unreliable,negative
1380,using the order tracking since the redesign was surprisingly messy,negative
1381,every time i use the login system it let me down this needs serious improvement,negative
1382,i have to complain the payment system is annoying and wasted my time since the redesign,negative
1383,big thumbs up for the sync feature impressive and it was a pleasant surprise during my recent visit,positive
1384,the team behind the login system deserves credit it is fast and made my day,positive
1385,just sharing my thoughts the live chat support is basic nothing more nothing less,neutral
1386,i was hopeful at first but the help center truly never worked as expected,negative
1387,a passable experience overall with the tracking feature it does the job i guess,neutral
1388,as a long time user i can say the login system is poor i want my money back,negative
1389,just wanted to complain that your service is inadequate it never worked as expected,negative
1390,so far the loyalty program has been basic nothing to write home about,neutral
1391,after using it for a while the dashboard was average about what i expected,neutral
1392,this is the most outdated the order tracking i have come across,negative
1393,the new features really worked perfectly keep up the great work,positive
1394,so far the return policy has been adequate nothing to write home about,neutral
1395,on my first try the notification system was a pleasant surprise which made everything so much easier,positive
1396,using the account setup process after the latest update was surprisingly slow,negative
1397,what a convenient experience with the checkout process best decision i made this year,positive
1398,big thumbs up for the loyalty program great and it impressed me last month,positive
1399,just sharing my thoughts the account setup process is average nothing more nothing less,neutral
1400,over the past few days i tried the refund process and it improved a lot loved it,positive
1401,my review the login system is well designed plain and simple,positive
1402,i have been using the payment system and it is just standard,neutral
1403,not bad not great the settings page after using it for a while was decent,neutral
1404,just wanted to complain that the overall experience is subpar it wasted my time,negative
1405,i am genuinely impressed the sync feature is wonderful and reliable,positive
1406,i expected more but the dashboard turned out unremarkable,neutral
1407,this is the most subpar the booking system i have come across,negative
1408,not impressed at all the dark mode option is annoying and was a nightmare to deal with after the latest update,negative
1409,the website has been unreliable for me recently very disappointed overall,negative
1410,the team behind the return policy deserves credit it is intuitive and was a pleasant surprise,positive
1411,i was skeptical at first but the settings page truly exceeded my expectations,positive
1412,using the dashboard this morning was about as decent as i expected,neutral
1413,honestly gave me constant issues when i used the refund process this morning,negative
1414,as a long time user i can say the account setup process is annoying i want my money back,negative
1415,my review your service is fair works as advertised i suppose,neutral
1416,an so so job on your service does what it says,neutral
1417,it is an so so the sync feature meets the bare minimum expectations,neutral
1418,the order tracking continues to be glitchy every single time i use it,negative
1419,as a user for a while now i would call the security features okay could go either way honestly,neutral
1420,the sync feature is by far the most unacceptable part of the whole experience,negative
1421,using the app design after using it for a while was surprisingly excellent,positive
1422,poor job on the loyalty program it is confusing and did not work at all,negative
1423,during the holiday season the onboarding process was basic about what i expected,neutral
1424,so far the notification system has been helpful and it even worked perfectly recently,positive
1425,using the settings page during the holiday season was surprisingly awful,negative
1426,not going to lie the mobile app made things so easy during my recent visit highly satisfied overall,positive
1427,big thumbs down for the website inconvenient and it kept freezing,negative
1428,i was hopeful at first but the account setup process truly let me down recently,negative
1429,i have to say the account setup process is excellent it improved a lot during my recent visit,positive
1430,using the pricing plan since the redesign was surprisingly helpful,positive
1431,what a fast experience with the notification system five stars from me,positive
1432,as a user for a while now i would call the tracking feature standard might continue using it for now,neutral
1433,after the latest update the return policy frustrated me which made everything so much harder,negative
1434,big thumbs up for the onboarding process convenient and it worked flawlessly after three attempts,positive
1435,just wanted to complain that the mobile app is unreliable it failed repeatedly,negative
1436,honestly improved a lot when i used the recommendation engine,positive
1437,my review the subscription plan is fair works as advertised i suppose,neutral
1438,every time i use the delivery service it feels adequate,neutral
1439,the mobile app is an okay part of the overall experience,neutral
1440,big thumbs down for the dark mode option terrible and it kept freezing after the latest update,negative
1441,this week the overall experience was standard about what i expected,neutral
1442,i am sorry to say this but the return policy is unreliable it did not work at all during my recent visit,negative
1443,i was hopeful at first but the recommendation engine truly frustrated me after three attempts,negative
1444,it is rare to find something this impressive but the new update made my day,positive
1445,because of the app performance my experience over the past few days was poor,negative
1446,because of the app my experience on my first try was annoying,negative
1447,every time i use the video streaming quality it feels ordinary,neutral
1448,every time i use the recommendation engine it made things so easy keep up the great work,positive
1449,thanks to the login system my experience after three attempts was impressive,positive
1450,not impressed at all the search feature is inconvenient and never worked as expected since i signed up,negative
1451,the team behind the dark mode option did an adequate job could be better or worse,neutral
1452,the user interface made a great first impression smooth and saved me a lot of time on my first try,positive
1453,the customer support team really gave me constant issues i want my money back,negative
1454,not bad not great the pricing plan last month was standard,neutral
1455,the delivery service is by far the most unreliable part of the whole experience,negative
1456,recently i tried the security features and it was basic overall,neutral
1457,i have to say the help center is efficient it made things so easy since i signed up,positive
1458,the subscription plan made a bad first impression buggy and was a nightmare to deal with after the latest update,negative
1459,i am sorry to say this but the new features is inconvenient it frustrated me,negative
1460,the search feature is so so it gets the job done nothing special,neutral
1461,so far the installation process has been reasonable nothing to write home about,neutral
1462,recently the website worked perfectly which made everything so much easier,positive
1463,just wanted to share that the login system is outstanding it was a pleasant surprise,positive
1464,just wanted to share that the mobile app is helpful it made my day,positive
1465,recently i tried the order tracking and it was a nightmare to deal with hated it,negative
1466,last month i tried the checkout process and it was moderate overall,neutral
1467,this morning the offline mode was unremarkable about the same as before,neutral
1468,the security features is by far the most unacceptable part of the whole experience,negative
1469,the team behind the help center deserves credit it is great and was a pleasant surprise,positive
1470,the new features is okay it gets the job done nothing special,neutral
1471,it is an acceptable the account setup process meets the bare minimum expectations,neutral
1472,big thumbs down for the notification system terrible and it was a nightmare to deal with yesterday,negative
1473,recently i tried the onboarding process and it gave me constant issues hated it,negative
1474,last month i tried the sync feature and it frustrated me hated it,negative
1475,the loyalty program is an unremarkable part of the overall experience,neutral
1476,every time i use the installation process it kept crashing very disappointed overall,negative
1477,recently the delivery service made my day which made everything so much easier,positive
1478,the offline mode really failed repeatedly not what i expected at all,negative
1479,i switched to your service and the login system worked flawlessly right away,positive
1480,on my first try the new update was a nightmare to deal with which made everything so much harder,negative
1481,a unremarkable experience overall with the notification system,neutral
1482,over the past few days the account setup process was average about the same as before,neutral
1483,a passable experience overall with the live chat support it does the job i guess,neutral
1484,using the loyalty program last month was surprisingly problematic,negative
1485,the app performance made a bad first impression disappointing and gave me constant issues,negative
1486,i was hopeful at first but the return policy truly kept crashing since i signed up,negative
1487,i am genuinely disappointed the return policy is frustrating and unreliable,negative
1488,i have to complain the account setup process is unacceptable and was a nightmare to deal with during my recent visit,negative
1489,the overall experience made a bad first impression annoying and gave me constant issues after three attempts,negative
1490,every time i use the delivery service it feels basic it does the job i guess,neutral
1491,during the holiday season the new update was adequate about what i expected,neutral
1492,i was skeptical at first but the installation process truly really stood out after the latest update,positive
1493,i tried your service and the loyalty program was reasonable nothing surprising,neutral
1494,as a long time user i can say the search feature is superb five stars from me,positive
1495,not bad not great the offline mode during my recent visit was fair might continue using it for now,neutral
1496,using the live chat support this morning was about as acceptable as i expected,neutral
1497,every time i use the pricing plan it feels fair might continue using it for now,neutral
1498,the new features has been so so for me during the holiday season it is fine for basic use,neutral
1499,recently i tried the loyalty program and it was so so overall,neutral
1500,your service continues to be disappointing every single time i use it,negative
1501,the user interface is by far the most terrible part of the whole experience,negative
1502,it is rare to find something this buggy and the help center proves it it gave me constant issues,negative
1503,i am sorry to say this but the notification system is poor it was a nightmare to deal with last weekend,negative
1504,my review the dashboard is unresponsive plain and simple,negative
1505,a basic experience overall with the tracking feature still deciding if i will stick with it,neutral
1506,last month the delivery service saved me a lot of time which made everything so much easier,positive
1507,as a long time user i can say the overall experience is unreliable i want my money back,negative
1508,the payment system has been moderate for me since the redesign could go either way honestly,neutral
1509,no strong feelings either way the payment system is decent,neutral
1510,the tracking feature really was a pleasant surprise i am a happy customer,positive
1511,regarding the return policy my experience after using it for a while was ordinary,neutral
1512,my review the website is inconvenient plain and simple,negative
1513,poor job on the login system it is clunky and failed repeatedly,negative
1514,last month i tried the customer service response time and it was reasonable overall,neutral
1515,the pricing plan is an basic part of the overall experience,neutral
1516,the team behind the onboarding process deserves credit it is fantastic and really stood out,positive
1517,not impressed at all the app design is terrible and did not work at all yesterday,negative
1518,this morning the mobile app was acceptable about what i expected,neutral
1519,i was hopeful at first but the order tracking truly never worked as expected this week,negative
1520,after the latest update i tried the loading speed and it was ordinary overall,neutral
1521,the user interface has been moderate for me on my first try might continue using it for now,neutral
1522,using the return policy after the latest update was about as so so as i expected,neutral
1523,after the latest update i tried the dashboard and it gave me constant issues hated it,negative
1524,the onboarding process is by far the most top notch part of the whole experience,positive
1525,what a buggy experience with the tracking feature very disappointed overall,negative
1526,i have been using the app performance this morning and it is genuinely poor,negative
1527,since the redesign the tracking feature was a nightmare to deal with which made everything so much harder,negative
1528,the new features has been unreliable for me during the holiday season will not be using this again,negative
1529,the team behind the app needs to step up it is slow and did not work at all,negative
1530,i would say the search feature is standard it did not really stand out during the holiday season,neutral
1531,i have been using the refund process on my first try and it is just fair,neutral
1532,the loyalty program is an adequate part of the overall experience,neutral
1533,what a messy experience with the checkout process,negative
1534,during my recent visit the video streaming quality kept crashing which made everything so much harder,negative
1535,using the onboarding process was surprisingly reliable,positive
1536,my review the loyalty program is subpar plain and simple,negative
1537,using the user interface last weekend was surprisingly annoying,negative
1538,it is an basic the checkout process meets the bare minimum expectations,neutral
1539,after three attempts i tried the recommendation engine and it worked perfectly loved it,positive
1540,using the installation process last weekend was about as ordinary as i expected,neutral
1541,the tracking feature continues to be basic every time i use it,neutral
1542,the delivery service is moderate it gets the job done nothing special,neutral
1543,i have been using the refund process last weekend and it is genuinely clunky,negative
1544,honestly the new update was neither great nor bad when i used it yesterday,neutral
1545,just wanted to share that the customer service response time is responsive it worked flawlessly,positive
1546,just sharing my thoughts the offline mode is moderate nothing more nothing less,neutral
1547,the loyalty program really worked flawlessly five stars from me,positive
1548,just wanted to complain that the app performance is inconvenient it gave me constant issues,negative
1549,using the live chat support after the latest update was about as moderate as i expected,neutral
1550,as a user for a while now i would call the loading speed standard still deciding if i will stick with it,neutral
1551,as a user for a while now i would call the security features so so it is fine for basic use,neutral
1552,i was hopeful at first but the live chat support truly was a nightmare to deal with on my first try,negative
1553,as a user for a while now i would call the tracking feature acceptable could go either way honestly,neutral
1554,i am genuinely impressed your service is top notch and reliable,positive
1555,i switched to your service and the subscription plan kept crashing right away,negative
1556,honestly worked flawlessly when i used the offline mode since the redesign,positive
1557,the installation process made a bad first impression disappointing and frustrated me recently,negative
1558,regarding the order tracking my experience was acceptable,neutral
1559,the return policy has been helpful for me after the latest update,positive
1560,it is hard to say much the new update is just typical,neutral
1561,so far the tracking feature has been awful and it even was a nightmare to deal with yesterday,negative
1562,using the payment system recently was surprisingly problematic,negative
1563,the team behind the app performance deserves credit it is intuitive and impressed me,positive
1564,the delivery service made an adequate first impression nothing memorable,neutral
1565,on my first try the notification system was passable about the same as before,neutral
1566,recently the loading speed kept freezing which made everything so much harder,negative
1567,after the latest update the tracking feature impressed me and i could not be happier,positive
1568,the team behind the subscription plan deserves credit it is outstanding and worked perfectly,positive
1569,i tried your service and the loading speed was moderate nothing surprising,neutral
1570,fantastic job on the app performance it is excellent and made things so easy,positive
1571,just wanted to complain that the tracking feature is confusing it did not work at all,negative
1572,honestly improved a lot when i used the account setup process over the past few days,positive
1573,because of the refund process my experience was subpar,negative
1574,the onboarding process has been user friendly for me last month best decision i made this year,positive
1575,on my first try the refund process never worked as expected and i am really frustrated,negative
1576,the order tracking continues to be decent every time i use it,neutral
1577,yesterday i tried the delivery service and it made things so easy loved it,positive
1578,an average job on the website does what it says,neutral
1579,i have been using the payment system and it is genuinely clunky,negative
1580,thanks to the app performance my experience last month was excellent,positive
1581,not bad not great the video streaming quality yesterday was reasonable,neutral
1582,just wanted to complain that the delivery service is inadequate it kept crashing,negative
1583,using the live chat support yesterday was surprisingly smooth,positive
1584,i switched to your service and the overall experience kept freezing right away,negative
1585,an adequate job on the payment system does what it says,neutral
1586,the login system really kept crashing this needs serious improvement,negative
1587,not impressed at all the website is frustrating and let me down this morning,negative
1588,after the latest update the customer support team was basic about the same as before,neutral
1589,so far the order tracking has been disappointing and it even kept crashing after using it for a while,negative
1590,the pricing plan is an decent part of the overall experience,neutral
1591,i have been using the offline mode this morning and it is genuinely amazing,positive
1592,last month the dashboard really stood out and i could not be happier,positive
1593,the notification system really gave me constant issues,negative
1594,my review the new features is amazing plain and simple,positive
1595,it is an unremarkable the mobile app meets the bare minimum expectations,neutral
1596,i switched to your service and the refund process saved me a lot of time right away,positive
1597,the app design made a great first impression intuitive and made my day during the holiday season,positive
1598,my review the search feature is unremarkable works as advertised i suppose,neutral
1599,not going to lie the loyalty program exceeded my expectations during my recent visit definitely recommend it,positive
1600,recently i tried the account setup process and it frustrated me hated it,negative
1601,just sharing my thoughts the booking system is unremarkable nothing more nothing less,neutral
1602,recently i tried the new features and it wasted my time hated it,negative
1603,the loyalty program has been great for me this is exactly what i needed,positive
1604,i switched to your service and the refund process let me down right away,negative
1605,honestly impressed me when i used the login system after three attempts,positive
1606,i have to say your service is helpful it exceeded my expectations during the holiday season,positive
1607,the dashboard really did not work at all i want my money back,negative
1608,i am genuinely impressed the overall experience is responsive and reliable,positive
1609,every time i use the sync feature it feels average might continue using it for now,neutral
1610,yesterday the payment system improved a lot which made everything so much easier,positive
1611,as a long time user i can say the loading speed is frustrating really considering switching to a competitor,negative
1612,the loyalty program made a bad first impression unacceptable and was a nightmare to deal with recently,negative
1613,my review the video streaming quality is excellent plain and simple,positive
1614,so far the installation process has been subpar and it even gave me constant issues,negative
1615,the team behind the new update did an average job could be better or worse,neutral
1616,the subscription plan continues to be glitchy every single time i use it,negative
1617,not bad not great the checkout process was moderate,neutral
1618,this morning i tried the overall experience and it exceeded my expectations loved it,positive
1619,over the past few days i tried the subscription plan and it kept freezing hated it,negative
1620,i am genuinely disappointed the app design is outdated and unreliable,negative
1621,last month the dark mode option failed repeatedly which made everything so much harder,negative
1622,i expected more but the video streaming quality turned out ordinary,neutral
1623,so far the notification system has been outstanding and it even worked perfectly last weekend,positive
1624,just sharing my thoughts the installation process is average nothing more nothing less,neutral
1625,during the holiday season i tried the checkout process and it worked flawlessly loved it,positive
1626,i have been using the offline mode and it is just passable,neutral
1627,no strong feelings either way the loyalty program is adequate,neutral
1628,not going to lie the new update exceeded my expectations since i signed up,positive
1629,every time i use the tracking feature it was a pleasant surprise will keep using it,positive
1630,after three attempts i tried the loyalty program and it wasted my time hated it,negative
1631,this morning i tried the recommendation engine and it gave me constant issues hated it,negative
1632,the team behind the refund process did an average job could be better or worse,neutral
1633,using the overall experience on my first try was about as unremarkable as i expected,neutral
1634,my review the website is so so works as advertised i suppose,neutral
1635,i am genuinely impressed the website is convenient and reliable,positive
1636,i have to say the login system is convenient it saved me a lot of time since i signed up,positive
1637,big thumbs down for the booking system disappointing and it kept crashing last weekend,negative
1638,it is rare to find something this helpful but the recommendation engine made my day,positive
1639,using the customer service response time during the holiday season was surprisingly superb,positive
1640,the account setup process has been buggy for me,negative
1641,i have to say the app design is impressive it saved me a lot of time after three attempts,positive
1642,every time i use the notification system it frustrated me i want my money back,negative
1643,this week the app wasted my time and i am really frustrated,negative
1644,thanks to the booking system my experience this week was top notch,positive
1645,it is hard to say much the booking system is just so so,neutral
1646,using your service was about as ordinary as i expected,neutral
1647,i was skeptical at first but your service truly improved a lot since the redesign,positive
1648,the notification system continues to be intuitive every single time i use it,positive
1649,after the latest update i tried the customer support team and it was okay overall,neutral
1650,i switched to your service and the new features gave me constant issues right away,negative
1651,what a fast experience with the new update will keep using it,positive
1652,using the website after the latest update was surprisingly disappointing,negative
1653,fantastic job on the pricing plan it is excellent and saved me a lot of time,positive
1654,after three attempts the mobile app failed repeatedly which made everything so much harder,negative
1655,the loading speed continues to be acceptable every time i use it,neutral
1656,since the redesign the help center was ordinary about the same as before,neutral
1657,this is the most great the recommendation engine i have come across,positive
1658,i regret to say the website wasted my time,negative
1659,just sharing my thoughts the app performance is passable nothing more nothing less,neutral
1660,i have to complain the checkout process is buggy and was a nightmare to deal with over the past few days,negative
1661,after the latest update the help center was adequate about the same as before,neutral
1662,the user interface has been messy for me during the holiday season not what i expected at all,negative
1663,cannot complain at all the refund process is helpful and impressed me over the past few days,positive
1664,i regret to say the offline mode failed repeatedly yesterday very disappointed overall,negative
1665,the website really kept crashing this needs serious improvement,negative
1666,this is the most excellent the refund process i have come across keep up the great work,positive
1667,i regret to say the mobile app gave me constant issues recently really considering switching to a competitor,negative
1668,this is the most smooth the sync feature i have come across best decision i made this year,positive
1669,big thumbs down for the mobile app clunky and it frustrated me since the redesign,negative
1670,over the past few days i tried the order tracking and it worked flawlessly loved it,positive
1671,using the app recently was surprisingly awful,negative
1672,so far the user interface has been poor and it even gave me constant issues recently,negative
1673,i have been using the order tracking after the latest update and it is genuinely well designed,positive
1674,the app continues to be awful every single time i use it,negative
1675,the settings page has been superb for me last weekend highly satisfied overall,positive
1676,every time i use the settings page it was a nightmare to deal with very disappointed overall,negative
1677,using the overall experience yesterday was surprisingly messy,negative
1678,the website made an fair first impression nothing memorable,neutral
1679,it is rare to find something this outdated and the search feature proves it it frustrated me,negative
1680,it is rare to find something this awful and the refund process proves it it was a nightmare to deal with,negative
1681,using the mobile app over the past few days was about as okay as i expected,neutral
1682,over the past few days i tried the website and it saved me a lot of time loved it,positive
1683,during the holiday season the video streaming quality worked perfectly and i could not be happier,positive
1684,my review the customer support team is inconvenient plain and simple,negative
1685,just wanted to complain that the notification system is annoying it was a nightmare to deal with,negative
1686,poor job on the app design it is problematic and gave me constant issues,negative
1687,no strong feelings either way the customer support team is unremarkable,neutral
1688,fantastic job on the video streaming quality it is well designed and made my day,positive
1689,this is the most confusing the app i have come across really considering switching to a competitor,negative
1690,the installation process really worked perfectly highly satisfied overall,positive
1691,it is rare to find something this slow and the installation process proves it it did not work at all,negative
1692,what a buggy experience with the website this needs serious improvement,negative
1693,i have been using the search feature since the redesign and it is genuinely frustrating,negative
1694,it is hard to say much the website is just fair,neutral
1695,the dark mode option has been superb for me after the latest update,positive
1696,so far the help center has been so so nothing to write home about,neutral
1697,my review the tracking feature is amazing plain and simple,positive
1698,the team behind the search feature deserves credit it is convenient and made my day,positive
1699,so far the live chat support has been moderate nothing to write home about,neutral
1700,i am sorry to say this but the new update is awful it never worked as expected,negative
1701,i switched to your service and the account setup process did not work at all right away,negative
1702,honestly the app performance was neither great nor bad when i used it last weekend,neutral
1703,honestly the video streaming quality was neither great nor bad when i used it since i signed up,neutral
1704,every time i use the notification system it feels ordinary it does the job i guess,neutral
1705,last month the live chat support was typical about the same as before,neutral
1706,just wanted to share that the search feature is fast it saved me a lot of time,positive
1707,the app design is by far the most excellent part of the whole experience,positive
1708,recently i tried the delivery service and it did not work at all hated it,negative
1709,just wanted to share that the user interface is seamless it really stood out,positive
1710,recently the live chat support gave me constant issues which made everything so much harder,negative
1711,the tracking feature made a great first impression outstanding and worked perfectly after using it for a while,positive
1712,i would say the installation process is standard it did not really stand out during the holiday season,neutral
1713,thanks to your service my experience during the holiday season was convenient,positive
1714,i would say the mobile app is fair it did not really stand out during my recent visit,neutral
1715,my review the checkout process is wonderful plain and simple,positive
1716,it is hard to say much the live chat support is just adequate,neutral
1717,the team behind the pricing plan did an okay job could be better or worse,neutral
1718,honestly worked perfectly when i used the booking system after the latest update,positive
1719,as a user for a while now i would call your service unremarkable nothing special either way,neutral
1720,this is a fairly adequate the customer service response time similar to others i have used,neutral
1721,not bad not great the dashboard since the redesign was adequate,neutral
1722,honestly made things so easy when i used the recommendation engine since i signed up,positive
1723,just sharing my thoughts the return policy is average nothing more nothing less,neutral
1724,using the pricing plan on my first try was surprisingly confusing,negative
1725,recently the help center was passable about what i expected,neutral
1726,recently i tried the notification system and it was unremarkable overall,neutral
1727,just sharing my thoughts the loyalty program is ordinary nothing more nothing less,neutral
1728,my review the dashboard is ordinary works as advertised i suppose,neutral
1729,what a poor experience with the settings page please fix this soon,negative
1730,the security features made a bad first impression subpar and failed repeatedly,negative
1731,every time i use the customer support team it exceeded my expectations five stars from me,positive
1732,just wanted to share that the sync feature is responsive it was a pleasant surprise,positive
1733,i regret to say the order tracking did not work at all after the latest update very disappointed overall,negative
1734,the delivery service made an decent first impression nothing memorable,neutral
1735,mixed feelings about the delivery service average some things good some not,neutral
1736,the team behind the account setup process did an so so job could be better or worse,neutral
1737,i would say the dark mode option is fair it did not really stand out,neutral
1738,so far the pricing plan has been glitchy and it even did not work at all this week,negative
1739,what a outdated experience with the subscription plan,negative
1740,the recommendation engine continues to be superb every single time i use it,positive
1741,i switched to your service and the recommendation engine let me down right away,negative
1742,the overall experience has been disappointing for me this morning will not be using this again,negative
1743,i tried your service and the notification system was ordinary nothing surprising,neutral
1744,big thumbs up for the new update efficient and it worked flawlessly last weekend,positive
1745,i am genuinely impressed the return policy is responsive and reliable,positive
1746,just wanted to share that the onboarding process is helpful it was a pleasant surprise,positive
1747,just wanted to share that your service is top notch it worked flawlessly,positive
1748,not bad not great the onboarding process this week was basic it does the job i guess,neutral
1749,so far the live chat support has been well designed and it even improved a lot,positive
1750,an moderate job on the mobile app does what it says,neutral
1751,i was hopeful at first but the delivery service truly gave me constant issues over the past few days,negative
1752,recently the video streaming quality was so so about what i expected,neutral
1753,the app design has been decent for me it does the job i guess,neutral
1754,so far the help center has been awful and it even wasted my time this week,negative
1755,it is hard to say much the website is just so so,neutral
1756,i tried your service and the app performance was moderate nothing surprising,neutral
1757,this week i tried the loyalty program and it made things so easy loved it,positive
1758,the team behind the overall experience needs to step up it is outdated and did not work at all,negative
1759,the account setup process made a bad first impression unreliable and kept freezing after using it for a while,negative
1760,my review the offline mode is clunky plain and simple,negative
1761,i was skeptical at first but the app performance truly was a pleasant surprise since the redesign,positive
1762,my review the delivery service is helpful plain and simple,positive
1763,i have been using the app last month and it is genuinely unreliable,negative
1764,the search feature really worked flawlessly five stars from me,positive
1765,i have been using the customer support team after using it for a while and it is genuinely frustrating,negative
1766,honestly kept freezing when i used the live chat support yesterday,negative
1767,it is an basic the dashboard meets the bare minimum expectations,neutral
1768,this morning the app saved me a lot of time and i could not be happier,positive
1769,because of the overall experience my experience was outdated,negative
1770,not impressed at all the order tracking is unreliable and failed repeatedly over the past few days,negative
1771,using the live chat support after using it for a while was about as basic as i expected,neutral
1772,i would say the onboarding process is reasonable it did not really stand out on my first try,neutral
1773,this is the most intuitive the live chat support i have come across highly satisfied overall,positive
1774,the team behind the app did an okay job could be better or worse,neutral
1775,big thumbs down for the help center poor and it kept crashing,negative
1776,the team behind the user interface deserves credit it is responsive and improved a lot,positive
1777,i have to say the recommendation engine is outstanding it really stood out on my first try,positive
1778,the dark mode option made an average first impression nothing memorable,neutral
1779,i have been using the app design since i signed up and it is genuinely intuitive,positive
1780,what a unacceptable experience with the booking system,negative
1781,as a user for a while now i would call the user interface acceptable it does the job i guess,neutral
1782,cannot complain at all the new features is well designed and made things so easy,positive
1783,the customer service response time really was a nightmare to deal with not what i expected at all,negative
1784,the delivery service made a great first impression reliable and worked perfectly recently,positive
1785,an reasonable job on the overall experience does what it says,neutral
1786,it is hard to say much the settings page is just okay,neutral
1787,i was hopeful at first but the app performance truly let me down since the redesign,negative
1788,just wanted to complain that the customer service response time is unacceptable it failed repeatedly,negative
1789,i have to complain the login system is confusing and gave me constant issues since the redesign,negative
1790,my review the sync feature is basic works as advertised i suppose,neutral
1791,i would say the installation process is reasonable it did not really stand out after using it for a while,neutral
1792,the search feature made an adequate first impression nothing memorable,neutral
1793,cannot complain at all the search feature is amazing and exceeded my expectations during my recent visit,positive
1794,the user interface is adequate it gets the job done nothing special,neutral
1795,this is a fairly basic the security features similar to others i have used,neutral
1796,the order tracking is by far the most poor part of the whole experience,negative
1797,the team behind the order tracking deserves credit it is intuitive and saved me a lot of time,positive
1798,the subscription plan really let me down i want my money back,negative
1799,the customer service response time made a great first impression efficient and was a pleasant surprise yesterday,positive
1800,every time i use the tracking feature it feels ordinary still deciding if i will stick with it,neutral